molecule_chembl_id,canonical_smiles,standard_value,class
CHEMBL311039,CC12CCC(C1)C(C)(C)C2NS(=O)(=O)c1ccc(F)cc1,5000.0,intermediate
CHEMBL450926,CC12CC[C@@H](C1)C(C)(C)[C@@H]2NS(=O)(=O)c1cccs1,2700.0,intermediate
CHEMBL310242,CC12CC[C@@H](C1)C(C)(C)[C@@H]2NS(=O)(=O)c1ccc(F)cc1,1800.0,intermediate
CHEMBL74874,CC12CC[C@@H](C1)C(C)(C)[C@@H]2NS(=O)(=O)c1ccc(Cl)cc1,11000.0,inactive
CHEMBL75183,CC12CC[C@@H](C1)C(C)(C)[C@@H]2NS(=O)(=O)c1ccc(Br)cc1,10000.0,inactive
CHEMBL563,CC(C(=O)O)c1ccc(-c2ccccc2)c(F)c1,305000.0,inactive
CHEMBL196279,CC(C(=O)O)c1ccc(-c2ccc(Cl)c(Cl)c2)c(F)c1,75000.0,inactive
CHEMBL195970,CC(C(=O)O)c1ccc(-c2cc(Cl)cc(Cl)c2)c(F)c1,77000.0,inactive
CHEMBL264006,CC(C(=O)O)c1ccc(-c2ccc(C3CCCCC3)cc2)c(F)c1,21000.0,inactive
CHEMBL193971,CC(C(=O)O)c1ccc(-c2ccc(C(F)(F)F)cc2)c(F)c1,129000.0,inactive
CHEMBL194274,CC(C(=O)O)c1ccc(-c2csc3ccccc23)c(F)c1,83000.0,inactive
CHEMBL196321,COc1ccc(-c2ccc(C(C)C(=O)O)cc2F)cc1,67000.0,inactive
CHEMBL196322,CC(C(=O)O)c1ccc(-c2ccc3c(c2)OCO3)c(F)c1,210000.0,inactive
CHEMBL380778,CC(C(=O)O)c1ccc(-c2ccc(OC3CCCCC3)cc2)c(F)c1,41000.0,inactive
CHEMBL197202,CC(C(=O)O)c1ccc(-c2ccc(-c3ccc(O)cc3)cc2)c(F)c1,35000.0,inactive
CHEMBL194760,O=C(O)C1(c2ccc(-c3ccccc3)c(F)c2)CC1,-1.0,active
CHEMBL196246,O=C(O)C1(c2ccc(-c3ccc(C(F)(F)F)cc3)c(F)c2)CC1,111000.0,inactive
CHEMBL196945,O=C(O)C1(c2ccc(-c3ccc(Cl)c(Cl)c3)c(F)c2)CC1,41000.0,inactive
CHEMBL196946,O=C(O)C1(c2ccc(-c3csc4ccccc34)c(F)c2)CC1,96300.0,inactive
CHEMBL372751,CC1(C)CCC(c2ccc(-c3ccc(C4(C(=O)O)CC4)cc3F)cc2)CC1,46000.0,inactive
CHEMBL194692,CC(C)(C(=O)O)c1ccc(-c2ccc(C(F)(F)F)cc2)c(F)c1,70600.0,inactive
CHEMBL196947,O=C(O)C1(c2ccc(-c3ccc(-c4ccc(O)cc4)cc3)c(F)c2)CC1,31600.0,inactive
CHEMBL372846,O=C(O)C1(c2ccc(-c3ccc(-c4ccc(O)cc4)c(F)c3)c(F)c2)CC1,33600.0,inactive
CHEMBL427548,O=C(O)C1(c2ccc(-c3ccc(-c4ccc(F)cc4)c(F)c3)c(F)c2)CC1,57900.0,inactive
CHEMBL197140,CC1(C)CC(Oc2ccc(-c3ccc(C4(C(=O)O)CC4)cc3F)cc2)CC(C)(C)C1,11000.0,inactive
CHEMBL382721,O=C(O)C1(c2ccc(-c3ccc(OC4CCOCC4)cc3)c(F)c2)CC1,81000.0,inactive
CHEMBL436483,O=C(O)C1(c2ccc(-c3ccc(OC4CCC(C(F)(F)F)CC4)cc3)c(F)c2)CC1,17700.0,inactive
CHEMBL196070,CC(c1ccc(-c2ccc(C(F)(F)F)cc2)c(F)c1)c1nnn[nH]1,114000.0,inactive
CHEMBL193900,CC(C(N)=O)c1ccc(-c2cc(Cl)cc(Cl)c2)c(F)c1,64000.0,inactive
CHEMBL194020,CC(C(=O)OC(C)(C)C)c1ccc(-c2cc(Cl)cc(Cl)c2)c(F)c1,20000.0,inactive
CHEMBL190083,C[C@@H](C(=O)O)c1ccc(-c2ccccc2)c(F)c1,280000.0,inactive
CHEMBL200116,CCCN(CCC)C(=O)c1cccc(C(=O)N[C@@H](CC(C)C)[C@@H](O)C[C@@H](C)C(=O)N[C@H](C(=O)NCc2ccccc2)C(C)C)c1,6700.0,intermediate
CHEMBL199946,CCCN(CCC)C(=O)c1cccc(C(=O)N[C@@H](Cc2ccccc2)[C@@H](N)C[C@@H](C)C(=O)N[C@H](C(=O)NCc2ccccc2)C(C)C)c1,5.2,active
CHEMBL202877,CCCN(CCC)C(=O)c1cccc(C(=O)N[C@@H](CC(C)C)[C@@H](N)C[C@@H](C)C(=O)Nc2ccc(F)cc2)c1,6000.0,intermediate
CHEMBL425031,CCCN(CCC)C(=O)c1cccc(C(=O)N[C@@H](CC(C)C)[C@@H](O)C[C@@H](C)C(=O)Nc2ccc(F)cc2)c1,20000.0,inactive
CHEMBL200014,CCCN(CCC)C(=O)c1cccc(C(=O)N[C@@H](CC(C)C)[C@H](N)C[C@@H](C)C(=O)N[C@H](C(=O)NCc2ccccc2)C(C)C)c1,9900.0,intermediate
CHEMBL202507,CCCN(CCC)C(=O)c1cccc(C(=O)N[C@@H](CC(C)C)[C@@H](N)C[C@@H](C)C(=O)N[C@H](C(=O)NCc2ccccc2)C(C)C)c1,740.0,active
CHEMBL200077,CCCN(CCC)C(=O)c1cccc(C(=O)N[C@@H](Cc2ccccc2)[C@@H](N)C[C@@H](C)C(=O)Nc2ccc(F)cc2)c1,180.0,active
CHEMBL204357,CCC[C@H](C(=O)NO)[C@@H](CC(C)C)C(=O)N[C@H]1CCCCN(Cc2cccc(Oc3ccccc3)c2)C1=O,200.0,active
CHEMBL206766,CCC[C@H](C(=O)NO)[C@@H](CC(C)C)C(=O)N[C@H]1CCCCN(Cc2ccccc2)C1=O,6800.0,intermediate
CHEMBL204443,CCC[C@H](C(=O)NC/C=C/Cc1ccccc1)[C@@H](CC(C)C)C(=O)N[C@H]1CCCCN(Cc2cccc(Oc3ccccc3)c2)C1=O,3000.0,intermediate
CHEMBL381336,CCC[C@H](C(=O)NC1CCCC1)[C@@H](CC(C)C)C(=O)N[C@H]1CCCCN(Cc2cccc(Oc3ccccc3)c2)C1=O,6000.0,intermediate
CHEMBL205400,CCC[C@H](C(=O)NCc1ccco1)[C@@H](CC(C)C)C(=O)N[C@H]1CCCCN(Cc2cccc(Oc3ccccc3)c2)C1=O,3000.0,intermediate
CHEMBL205714,CCCCNC(=O)[C@@H](CCC)[C@@H](CC(C)C)C(=O)N[C@H]1CCCCN(Cc2cccc(Oc3ccccc3)c2)C1=O,5000.0,intermediate
CHEMBL208230,CCC[C@H](C(N)=O)[C@@H](CC(C)C)C(=O)N[C@H]1CCCCN(Cc2cccc(NN3CCCCC3)c2)C1=O,74.0,active
CHEMBL424684,CCC[C@H](C(N)=O)[C@@H](CC(C)C)C(=O)N[C@H]1CCCCN(Cc2cccc(Nc3ccc(C(F)(F)F)cc3)c2)C1=O,30.0,active
CHEMBL274414,CCC[C@H](C(N)=O)[C@@H](CC(C)C)C(=O)N[C@H]1CCCCN(Cc2cccc(Nc3ccc(OC)cc3)c2)C1=O,160.0,active
CHEMBL208504,CCC[C@H](C(N)=O)[C@@H](CC(C)C)C(=O)N[C@H]1CCCCN(Cc2cccc(Nc3ccc(F)c(Cl)c3)c2)C1=O,17.0,active
CHEMBL205970,CCC[C@H](C(N)=O)[C@@H](CC(C)C)C(=O)N[C@H]1CCCCN(Cc2cccc(Nc3ccc4c(c3)OCO4)c2)C1=O,152.0,active
CHEMBL410532,CCC[C@H](C(N)=O)[C@@H](CC(C)C)C(=O)N[C@H]1CCCCN(Cc2cccc(Nc3cccc(OC)c3)c2)C1=O,54.0,active
CHEMBL208350,CCC[C@H](C(N)=O)[C@@H](CC(C)C)C(=O)N[C@H]1CCCCN(Cc2cccc(Nc3cccc(C)c3)c2)C1=O,17.0,active
CHEMBL382880,CCC[C@H](C(N)=O)[C@@H](CC(C)C)C(=O)N[C@H]1CCCCN(Cc2cccc(Nc3ccccc3Cl)c2)C1=O,29.0,active
CHEMBL205907,CCC[C@H](C(N)=O)[C@@H](CC(C)C)C(=O)N[C@H]1CCCCN(Cc2cccc(Nc3ccccc3)c2)C1=O,15.0,active
CHEMBL231446,CN1CCCC1CCNC(=O)OCCC1CCc2ccccc2N1S(=O)(=O)c1ccc(Cl)cc1,530.0,active
CHEMBL396543,O=C(OC[C@H]1CCC[C@@H](c2ccccc2)N1S(=O)(=O)c1ccc(Cl)cc1)N1CCC(N2CCCCC2)CC1,16.0,active
CHEMBL231548,O=C(OC[C@H]1CC[C@@H](c2ccccc2)N1S(=O)(=O)c1ccc(Cl)cc1)N1CCC(N2CCCCC2)CC1,180.0,active
CHEMBL231547,O=C(NC1CCN(Cc2ccccc2)CC1)OC[C@H]1CC[C@@H](c2ccccc2)N1S(=O)(=O)c1ccc(Cl)cc1,140.0,active
CHEMBL231449,O=C(OC[C@H]1CC[C@@H](c2ccccc2)N1S(=O)(=O)c1ccc(Cl)cc1)N1CCN(C2CCCCC2)CC1,120.0,active
CHEMBL231448,O=C(OC[C@H]1CC[C@@H](c2ccccc2)N1S(=O)(=O)c1ccc(Cl)cc1)N1CCN(CCO)CC1,540.0,active
CHEMBL396542,CN1CCN(C(=O)OC[C@H]2CC[C@@H](c3ccccc3)N2S(=O)(=O)c2ccc(Cl)cc2)CC1,450.0,active
CHEMBL231351,O=C(NCCCn1ccnc1)OC[C@H]1CC[C@@H](c2ccccc2)N1S(=O)(=O)c1ccc(Cl)cc1,650.0,active
CHEMBL395313,CN1CCCC1CCNC(=O)OC[C@H]1CC[C@@H](c2ccccc2)N1S(=O)(=O)c1ccc(Cl)cc1,600.0,active
CHEMBL231250,O=C(OCC1CCc2ccccc2N1S(=O)(=O)c1ccc(Cl)cc1)N1CCC(N2CCCCC2)CC1,73.0,active
CHEMBL231248,O=C(OCCCC1CCc2ccccc2N1S(=O)(=O)c1ccc(Cl)cc1)N1CCC(N2CCCCC2)CC1,60.0,active
CHEMBL395312,O=C(OCCC1CCc2ccccc2N1S(=O)(=O)c1ccc(Cl)cc1)N1CCC(N2CCCCC2)CC1,360.0,active
CHEMBL390889,O=C(NC1CCN(Cc2ccccc2)CC1)OCCCC1CCc2ccccc2N1S(=O)(=O)c1ccc(Cl)cc1,190.0,active
CHEMBL231647,O=C(NC1CCN(Cc2ccccc2)CC1)OCCC1CCc2ccccc2N1S(=O)(=O)c1ccc(Cl)cc1,900.0,active
CHEMBL231545,O=C(OCCCC1CCc2ccccc2N1S(=O)(=O)c1ccc(Cl)cc1)N1CCN(C2CCCCC2)CC1,180.0,active
CHEMBL231035,O=C(OCCC1CCc2ccccc2N1S(=O)(=O)c1ccc(Cl)cc1)N1CCN(C2CCCCC2)CC1,1000.0,active
CHEMBL230931,O=C(OCCCC1CCc2ccccc2N1S(=O)(=O)c1ccc(Cl)cc1)N1CCN(CCO)CC1,680.0,active
CHEMBL425304,O=C(OCCC1CCc2ccccc2N1S(=O)(=O)c1ccc(Cl)cc1)N1CCN(CCO)CC1,880.0,active
CHEMBL231125,CN1CCN(C(=O)OCCCC2CCc3ccccc3N2S(=O)(=O)c2ccc(Cl)cc2)CC1,780.0,active
CHEMBL390478,CN1CCN(C(=O)OCCC2CCc3ccccc3N2S(=O)(=O)c2ccc(Cl)cc2)CC1,1900.0,intermediate
CHEMBL231544,O=C(NCCCn1ccnc1)OCCCC1CCc2ccccc2N1S(=O)(=O)c1ccc(Cl)cc1,86.0,active
CHEMBL389549,O=C(NCCCn1ccnc1)OCCC1CCc2ccccc2N1S(=O)(=O)c1ccc(Cl)cc1,280.0,active
CHEMBL231447,CN1CCCC1CCNC(=O)OCCCC1CCc2ccccc2N1S(=O)(=O)c1ccc(Cl)cc1,220.0,active
CHEMBL240055,O=C(OC1([C@H]2CCC[C@@H](c3cc(F)cc(F)c3)N2S(=O)(=O)c2ccc(Cl)cc2)CC1)N1CCC(N2CCCCC2)CC1,0.3,active
CHEMBL240286,CC[C@@H]1CCC[C@H](C2(OC(=O)N3CC[C@@H](O)C3)CC2)N1S(=O)(=O)c1ccc(Cl)cc1,56.0,active
CHEMBL240285,CCC[C@@H]1CCC[C@H](C2(OC(=O)N3CC[C@@H](O)C3)CC2)N1S(=O)(=O)c1ccc(Cl)cc1,47.0,active
CHEMBL398395,O=C(OC1([C@H]2CCC[C@@H](C3CC3)N2S(=O)(=O)c2ccc(Cl)cc2)CC1)N1CC[C@@H](O)C1,46.0,active
CHEMBL240284,O=C(OC1([C@H]2CCC[C@@H](c3cc(F)cc(F)c3)N2S(=O)(=O)c2ccc(Cl)cc2)CC1)N1CC[C@@H](O)C1,17.0,active
CHEMBL240071,O=C(OC1([C@H]2CCC[C@@H](CC(F)(F)F)N2S(=O)(=O)c2ccc(Cl)cc2)CC1)N1CCN(CCO)CC1,14.0,active
CHEMBL240070,CC[C@@H]1CCC[C@H](C2(OC(=O)N3CCN(CCO)CC3)CC2)N1S(=O)(=O)c1ccc(Cl)cc1,12.0,active
CHEMBL240069,O=C(OC1([C@H]2CCC[C@@H](C3CC3)N2S(=O)(=O)c2ccc(Cl)cc2)CC1)N1CCN(CCO)CC1,27.0,active
CHEMBL442801,O=C(OC1([C@H]2CCC[C@@H](CC(F)(F)F)N2S(=O)(=O)c2ccc(Cl)cc2)CC1)N1CCC(N2CCCCC2)CC1,3.5,active
CHEMBL239859,CC[C@@H]1CCC[C@H](C2(OC(=O)N3CCC(N4CCCCC4)CC3)CC2)N1S(=O)(=O)c1ccc(Cl)cc1,3.5,active
CHEMBL239858,CCC[C@@H]1CCC[C@H](C2(OC(=O)N3CCC(N4CCCCC4)CC3)CC2)N1S(=O)(=O)c1ccc(Cl)cc1,2.5,active
CHEMBL400420,O=C(OC1([C@H]2CCC[C@@H](C3CC3)N2S(=O)(=O)c2ccc(Cl)cc2)CC1)N1CCC(N2CCCCC2)CC1,2.8,active
CHEMBL239629,O=C(OC1([C@H]2CCC[C@@H](c3cc(F)cc(F)c3)N2S(=O)(=O)c2ccc(Cl)cc2)CC1)N1CCN(CCO)CC1,2.4,active
CHEMBL393941,CC(C)(CO)N1CCN(C(=O)OC2([C@H]3CCC[C@@H](C4CC4)N3S(=O)(=O)c3ccc(Cl)cc3)CC2)CC1,12.0,active
CHEMBL236192,O=C(OC1([C@H]2CCC[C@@H](C3CC3)N2S(=O)(=O)c2ccc(Cl)cc2)CC1)N1CCN(CCCO)CC1,16.0,active
CHEMBL429448,CC[C@@H]1CCC[C@H](C2(OC(=O)N3CCC(N4CCCCC4)CC3)CC2)N1S(=O)(=O)c1cc(F)cc(F)c1,29.0,active
CHEMBL236191,CC[C@@H]1CCC[C@H](C2(OC(=O)N3CCN(C(C)(C)CO)CC3)CC2)N1S(=O)(=O)c1cc(F)cc(F)c1,81.0,active
CHEMBL236190,CC[C@@H]1CCC[C@H](C2(OC(=O)N3CCC(N4CCCCC4)CC3)CC2)N1S(=O)(=O)c1ccc(F)c(F)c1,6.9,active
CHEMBL236189,CC[C@@H]1CCC[C@H](C2(OC(=O)N3CC4CCC(C3)N4CCO)CC2)N1S(=O)(=O)c1ccc(F)c(F)c1,27.0,active
CHEMBL236188,CC[C@@H]1CCC[C@H](C2(OC(=O)N3CCN(C(C)(C)CO)CC3)CC2)N1S(=O)(=O)c1ccc(F)c(F)c1,9.6,active
CHEMBL236187,CC[C@@H]1CCC[C@H](C2(OC(=O)N3CCC(N4CCCCC4)CC3)CC2)N1S(=O)(=O)c1ccc(F)cc1,16.0,active
CHEMBL236186,CC[C@@H]1CCC[C@H](C2(OC(=O)N3CC4CCC(C3)N4CCO)CC2)N1S(=O)(=O)c1ccc(F)cc1,25.0,active
CHEMBL236185,CC[C@@H]1CCC[C@H](C2(OC(=O)N3CCN(C(C)(C)CO)CC3)CC2)N1S(=O)(=O)c1ccc(F)cc1,10.0,active
CHEMBL392060,CC[C@@H]1CCC[C@H](C2(OC(=O)N3CC4CCC(C3)N4CCO)CC2)N1S(=O)(=O)c1ccc(Cl)cc1,3.5,active
CHEMBL236184,CC[C@@H]1CCC[C@H](C2(OC(=O)N3CCN(C(C)(C)CO)CC3)CC2)N1S(=O)(=O)c1ccc(Cl)cc1,6.9,active
CHEMBL236183,CC[C@@H]1CCC[C@H](C2(OC(=O)N3CCN(CCCO)CC3)CC2)N1S(=O)(=O)c1ccc(Cl)cc1,17.0,active
CHEMBL392059,CC[C@@H]1CCC[C@H](C2(OC(=O)N3CCN(CCO)C[C@@H]3C)CC2)N1S(=O)(=O)c1ccc(Cl)cc1,12.0,active
CHEMBL236182,CC[C@@H]1CCC[C@H](C2(OC(=O)N3CCN(CCO)[C@@H](C)C3)CC2)N1S(=O)(=O)c1ccc(Cl)cc1,13.0,active
CHEMBL394132,CC[C@@H]1CCC[C@H](C2(OC(=O)N3CCC(CCO)(OC)CC3)CC2)N1S(=O)(=O)c1ccc(Cl)cc1,9.0,active
CHEMBL238271,CCCC1(O)CCN(C(=O)OC2([C@H]3CCC[C@@H](CC)N3S(=O)(=O)c3ccc(Cl)cc3)CC2)C1,28.0,active
CHEMBL392144,CC[C@@H]1CCC[C@H](C2(OC(=O)N3CCC(O)(CC)CC3)CC2)N1S(=O)(=O)c1ccc(Cl)cc1,3.2,active
CHEMBL236196,CCC1(O)CCN(C(=O)O[C@H]2CCC3CCCC2N3S(=O)(=O)c2ccc(Cl)cc2)CC1,104.0,active
CHEMBL429449,CC(C)(CO)N1CCN(C(=O)O[C@H]2CCC3CCCC2N3S(=O)(=O)c2ccc(Cl)cc2)CC1,57.0,active
CHEMBL236195,O=C(O[C@@H]1CCC2CCCC1N2S(=O)(=O)c1ccc(Cl)cc1)N1CCC(N2CCCCC2)CC1,2425.0,intermediate
CHEMBL236193,O=C(O[C@H]1CCC2CCCC1N2S(=O)(=O)c1ccc(Cl)cc1)N1CCC(N2CCCCC2)CC1,15.0,active
CHEMBL392878,COc1ccc(/C=C/c2cccc(/C=C/c3ccc(OC)c(N)c3)n2)cc1N,600.0,active
CHEMBL418455,O=C(O)c1cc(/C=C/c2ccc(/C=C/c3ccc(O)c(C(=O)O)c3)c(I)c2)ccc1O,8000.0,intermediate
CHEMBL81880,CN(C)c1ccc2cc3ccc(N(C)C)cc3nc2c1,600.0,active
CHEMBL116438,COc1cc(/C=C/C(=O)/C=C(O)/C=C/c2ccc(O)c(OC)c2)ccc1O,800.0,active
CHEMBL245688,COc1cc(/C=C/c2cc(Br)cc(/C=C/c3ccc(O)c(OC)c3)c2)ccc1O,100.0,active
CHEMBL245479,CN(C)c1ccc(/C=C/c2cc(I)cc(/C=C/c3ccc(N(C)C)cc3)c2)cc1,20000.0,inactive
CHEMBL245478,CN(C)c1ccc(/C=C/c2cc(Br)cc(/C=C/c3ccc(N(C)C)cc3)c2)cc1,20000.0,inactive
CHEMBL245477,CN(C)c1ccc(/C=C/c2cccc(/C=C/c3ccc(N(C)C)cc3)c2)cc1,20000.0,inactive
CHEMBL245476,COc1ccc(/C=C/c2cc(Br)cc(/C=C/c3ccc(OC)c(OC)c3)c2)cc1OC,20000.0,inactive
CHEMBL396917,COc1cc(/C=C/c2cc(Br)cc(/C=C/c3ccc(N)c(OC)c3)c2)ccc1N,1800.0,intermediate
CHEMBL248339,COc1cc(/C=C/c2cccc(/C=C/c3ccc(N4CCCC4)c(OC)c3)c2)ccc1N1CCCC1,20000.0,inactive
CHEMBL248338,CN(C)c1cc(/C=C/c2cccc(/C=C/c3ccc(O)c(N(C)C)c3)c2)ccc1O,2700.0,intermediate
CHEMBL248337,COc1ccc(/C=C/c2cccc(/C=C/c3ccc(OC)c(N(C)C)c3)c2)cc1N(C)C,1100.0,intermediate
CHEMBL248133,CNc1cc(/C=C/c2cccc(/C=C/c3ccc(OC)c(NC)c3)c2)ccc1OC,1300.0,intermediate
CHEMBL248132,COc1ccc(/C=C/c2cccc(/C=C/c3ccc(OC)c(N)c3)c2)cc1N,300.0,active
CHEMBL248131,CN(C)c1ccc(/C=C/c2cccc(/C=C/c3ccc(N(C)C)c(O)c3)c2)cc1O,700.0,active
CHEMBL247932,COc1cc(/C=C/c2cccc(/C=C/c3ccc(N(C)C)c(OC)c3)c2)ccc1N(C)C,1000.0,active
CHEMBL247931,CNc1ccc(/C=C/c2cccc(/C=C/c3ccc(NC)c(OC)c3)c2)cc1OC,600.0,active
CHEMBL247930,COc1cc(/C=C/c2cccc(/C=C/c3ccc(N)c(OC)c3)c2)ccc1N,600.0,active
CHEMBL247728,COc1cc(/C=C/c2cc(N(C)C)cc(/C=C/c3ccc(O)c(OC)c3)n2)ccc1O,1900.0,intermediate
CHEMBL247727,COc1cc(/C=C/c2cc(C)cc(/C=C/c3ccc(O)c(OC)c3)n2)ccc1O,1400.0,intermediate
CHEMBL247726,COc1cc(/C=C/c2ccc(O)c(OC)c2)nc(/C=C/c2ccc(O)c(OC)c2)c1,1700.0,intermediate
CHEMBL247530,COc1cc(/C=C/c2cc(Cl)cc(/C=C/c3ccc(O)c(OC)c3)n2)ccc1O,1100.0,intermediate
CHEMBL427878,COc1cc(/C=C/c2cc(Br)cc(/C=C/c3ccc(O)c(OC)c3)n2)ccc1O,1100.0,intermediate
CHEMBL247328,COc1cc(/C=C/c2cccc(/C=C/c3ccc(O)c(OC)c3)n2)ccc1O,800.0,active
CHEMBL247929,COc1cc(/C=C/c2cc(Br)cc(/C=C/c3ccc(N)c(OC)c3)n2)ccc1N,1100.0,intermediate
CHEMBL247927,CN(C)c1ccc(/C=C/c2cccc(/C=C/c3ccc(N(C)C)c(O)c3)n2)cc1O,900.0,active
CHEMBL391205,COc1cc(/C=C/c2cccc(/C=C/c3ccc(N(C)C)c(OC)c3)n2)ccc1N(C)C,800.0,active
CHEMBL247725,CNc1ccc(/C=C/c2cccc(/C=C/c3ccc(NC)c(O)c3)n2)cc1O,900.0,active
CHEMBL247674,CNc1ccc(/C=C/c2cccc(/C=C/c3ccc(NC)c(OC)c3)n2)cc1OC,500.0,active
CHEMBL247524,COc1cc(/C=C/c2cccc(/C=C/c3ccc(N)c(OC)c3)n2)ccc1N,700.0,active
CHEMBL427877,CN(C)c1cc(/C=C/c2cccc(/C=C/c3ccc(O)c(N(C)C)c3)n2)ccc1O,2300.0,intermediate
CHEMBL394713,COc1ccc(/C=C/c2cccc(/C=C/c3ccc(OC)c(N(C)C)c3)n2)cc1N(C)C,900.0,active
CHEMBL248327,CNc1cc(/C=C/c2cccc(/C=C/c3ccc(O)c(NC)c3)n2)ccc1O,500.0,active
CHEMBL248122,CNc1cc(/C=C/c2cccc(/C=C/c3ccc(OC)c(NC)c3)n2)ccc1OC,1100.0,intermediate
CHEMBL450553,CCN(CCCCCCn1c(=O)c2ccc3c(=O)n(CCCCCCN(CC)Cc4ccccc4OC)c(=O)c4ccc(c1=O)c2c34)Cc1ccccc1OC,9690.0,intermediate
CHEMBL492216,CN(C)c1ccc(/C=C/c2cc3ccccc3o2)cc1,2300.0,intermediate
CHEMBL492217,COc1ccc2oc(/C=C/c3ccc(N(C)C)cc3)cc2c1,810.0,active
CHEMBL491203,CN(C)c1ccc(/C=C/c2cc3cc(O)ccc3o2)cc1,160.0,active
CHEMBL509088,Cc1ccc2oc(/C=C/c3ccc(N(C)C)cc3)cc2c1,130.0,active
CHEMBL489978,CN(C)c1ccc(/C=C/c2cc3cc(F)ccc3o2)cc1,1980.0,intermediate
CHEMBL446870,CN(C)c1ccc(/C=C/c2cc3cc(Cl)ccc3o2)cc1,200.0,active
CHEMBL489979,CN(C)c1ccc(/C=C/c2cc3cc(Br)ccc3o2)cc1,470.0,active
CHEMBL524114,CN(C)c1ccc(/C=C/c2cc3cc(I)ccc3o2)cc1,170.0,active
CHEMBL524141,COc1ccc2cc(/C=C/c3ccc(N(C)C)cc3)oc2c1,70.0,active
CHEMBL443097,CN(C)c1ccc(/C=C/c2cc3ccc(O)cc3o2)cc1,3620.0,intermediate
CHEMBL491406,Cc1ccc2cc(/C=C/c3ccc(N(C)C)cc3)oc2c1,3440.0,intermediate
CHEMBL491407,CN(C)c1ccc(/C=C/c2cc3ccc(F)cc3o2)cc1,2190.0,intermediate
CHEMBL490798,CN(C)c1ccc(/C=C/c2cc3ccc(Cl)cc3o2)cc1,3210.0,intermediate
CHEMBL490799,CN(C)c1ccc(/C=C/c2cc3ccc(Br)cc3o2)cc1,1340.0,intermediate
CHEMBL492023,CN(C)c1ccc(/C=C/c2cc3ccc(I)cc3o2)cc1,2800.0,intermediate
CHEMBL492024,COc1ccc2oc(/C=C/c3ccc(N)cc3)cc2c1,820.0,active
CHEMBL523824,CNc1ccc(/C=C/c2cc3cc(OC)ccc3o2)cc1,80.0,active
CHEMBL444393,Cl.Nc1ccc(/C=C/c2cc3cc(O)ccc3o2)cc1,2950.0,intermediate
CHEMBL490808,CNc1ccc(/C=C/c2cc3cc(O)ccc3o2)cc1.Cl,2160.0,intermediate
CHEMBL490806,COc1ccc2cc(/C=C/c3ccc(N)cc3)oc2c1,5440.0,intermediate
CHEMBL489994,CNc1ccc(/C=C/c2cc3ccc(OC)cc3o2)cc1,800.0,active
CHEMBL489792,COc1ccc2oc(/C=C/c3ccc(N(C)C)c(OC)c3)cc2c1,160.0,active
CHEMBL521929,COc1ccc2cc(/C=C/c3ccc(N(C)C)c(OC)c3)oc2c1,530.0,active
CHEMBL515387,O=C([C@@H]1C[C@H](N2CCN(c3ncccn3)CC2)CN1)N1CCC(F)(F)C1,30000.0,inactive
CHEMBL1788111,[3H]N(c1ccc(-c2nc3ccc(O)cc3s2)cc1)C([3H])([3H])[3H],27.0,active
CHEMBL1788121,[3H]N(c1ccc(-c2nc3ccc(O)cc3s2)cn1)C([3H])([3H])[3H],58.0,active
CHEMBL1744459,[3H]N(c1ccc(-c2nc3ccc(OC)cc3s2)cn1)C([3H])([3H])[3H],58.0,active
CHEMBL1744460,[3H]C([3H])([3H])N(c1ccc(-c2nc3ccc(O)cc3s2)cn1)C([3H])([3H])[3H],19.0,active
CHEMBL1082545,COc1ccc2nc(-c3ccc(N(C)C)nc3)sc2c1,81.0,active
CHEMBL1082546,CNc1ccc(-c2nc3cc(O)ccc3s2)cn1,74.0,active
CHEMBL1088617,CN(C)c1ncc(-c2nc3ccc(O)cc3s2)cn1,41.0,active
CHEMBL1077196,CNc1ncc(-c2nc3ccc(O)cc3s2)cn1,267.0,active
CHEMBL1087548,CNc1ccc(-c2nc3ccc(C(N)=O)cc3s2)cn1,85.0,active
CHEMBL1077208,CNc1ccc2nc(-c3ccc(C(N)=O)nc3)sc2c1,35.0,active
CHEMBL1744461,[3H]N(c1ccc(-c2nc3ccc(O)cc3o2)cn1)C([3H])([3H])[3H],182.0,active
CHEMBL1744462,[3H]C([3H])([3H])N(c1ccc(-c2nc3ccc(OC)cc3o2)cn1)C([3H])([3H])[3H],204.0,active
CHEMBL1082889,CNc1ccc(-c2nc3ccc(OC)cc3o2)cn1,185.0,active
CHEMBL1744463,[3H]C([3H])([3H])N(c1ccc(-c2nc3ccc(O)cc3o2)cn1)C([3H])([3H])[3H],85.0,active
CHEMBL1083207,CN(C)c1ccc(-c2nc3cc(O)ccc3o2)cn1,137.0,active
CHEMBL1744464,[3H]C([3H])([3H])N(c1ncc(-c2nc3ccc(O)cc3o2)cn1)C([3H])([3H])[3H],75.0,active
CHEMBL1084943,CNc1ccc(-c2cc3ccc(O)cc3o2)cn1,45.0,active
CHEMBL1084944,CNc1ccc(-c2cc3ccc(OC)cc3o2)cn1,66.0,active
CHEMBL1084945,COc1ccc2cc(-c3ccc(C(N)=O)nc3)oc2c1,60.0,active
CHEMBL1084946,COc1ccc2cc(-c3ccc(C(N)=O)cn3)oc2c1,33.0,active
CHEMBL93124,CNc1ccc(-c2nc3ccc(O)cc3s2)cc1,19.0,active
CHEMBL570378,CNc1ccc(-c2nc3ccc(O)cc3s2)cn1,22.0,active
CHEMBL2048299,Oc1ccc2nc(-c3ccc(NCCF)nc3)oc2c1,158.0,active
CHEMBL2048300,COc1ccc2nc(-c3ccc(NCCF)nc3)oc2c1,35.0,active
CHEMBL2048301,Oc1ccc2nc(-c3ccc(NCCCF)nc3)oc2c1,395.0,active
CHEMBL2048302,Oc1ccc2nc(-c3ccc(NCCF)nc3)sc2c1,33.0,active
CHEMBL2048303,Oc1ccc2nc(-c3ccc(NCCCF)nc3)sc2c1,66.0,active
CHEMBL579205,CNc1ccc(-c2nc3ccc(O)cc3s2)cc1F,24.0,active
CHEMBL2048304,CNc1ccc(-c2nc3ccc(O)cc3s2)nc1F,44.0,active
CHEMBL2048305,CNc1ccc(-c2nc3ccc(OC)cc3s2)c(F)n1,14.0,active
CHEMBL2048306,CNc1ccc(-c2nc3ccc(O)cc3s2)c(F)n1,124.0,active
CHEMBL2048307,CNc1ncc(-c2nc3ccc(O)cc3s2)cc1F,98.0,active
CHEMBL2048308,CNc1ccc(-c2cc3cc(O)ccc3o2)c(F)n1,24.0,active
CHEMBL2048309,CNc1ccc(-c2cc3cc(C(N)=O)ccc3o2)c(F)n1,19.0,active
CHEMBL2048310,CNc1ncc(-c2cc3cc(O)ccc3o2)cc1F,30.0,active
CHEMBL2048311,COc1ccc2oc(-c3ccc(C(N)=O)nc3F)cc2c1,32.0,active
CHEMBL2048312,NC(=O)c1ccc(-c2cc3cc(O)ccc3o2)c(F)n1,44.0,active
CHEMBL2048313,CNc1ccc(-c2cc3cc(O)ccc3o2)nc1F,35.0,active
CHEMBL2048314,CNc1ccc(-c2cc3cc(C(N)=O)ccc3o2)nc1F,32.0,active
CHEMBL2059203,COc1cc(/C=C/c2cc(/C=C/c3ccc(O)c(OC)c3)ncn2)ccc1O,3200.0,intermediate
CHEMBL2059204,COc1ccc(/C=C/c2cc(/C=C/c3ccc(OC)c(O)c3)ncn2)cc1O,2100.0,intermediate
CHEMBL2059205,CN(C)c1cc(/C=C/c2cc(/C=C/c3ccc(O)c(N(C)C)c3)ncn2)ccc1O,3700.0,intermediate
CHEMBL2059206,CN(C)c1ccc(/C=C/c2cc(/C=C/c3ccc(N(C)C)c(O)c3)ncn2)cc1O,3400.0,intermediate
CHEMBL2059212,COc1nc(/C=C/c2ccc(N(C)C)c(O)c2)cc(/C=C/c2ccc(N(C)C)c(O)c2)n1,800.0,active
CHEMBL2059218,CSc1nc(/C=C/c2ccc(N(C)C)c(O)c2)cc(/C=C/c2ccc(N(C)C)c(O)c2)n1,1100.0,intermediate
CHEMBL2059388,Oc1ccc(/C=C/c2cc(O)cc(/C=C/c3ccc(O)cc3)c2)cc1,1600.0,intermediate
CHEMBL2059391,COc1ccc(/C=C/c2cc(O)cc(/C=C/c3ccc(OC)c(O)c3)c2)cc1O,1600.0,intermediate
CHEMBL2059393,CN(C)c1ccc(/C=C/c2cc(O)cc(/C=C/c3ccc(N(C)C)c(O)c3)c2)cc1O,3300.0,intermediate
CHEMBL2063873,Cc1ccc(NS(=O)(=O)c2ccc(Cl)cc2)c(/N=C/c2cc(Cl)cc(Cl)c2O)c1,13000.0,inactive
CHEMBL2063874,Cc1ccc(NS(=O)(=O)c2ccc(Cl)cc2)c(N)c1,30000.0,inactive
CHEMBL465398,O=C(O)[C@]1(O)C[C@@H](O)[C@@H](O)[C@H](O)C1,100000.0,inactive
CHEMBL145,O=C(O)/C=C/c1ccc(O)c(O)c1,32800.0,inactive
CHEMBL27246,O=C(O)/C=C/c1ccccc1,100000.0,inactive
CHEMBL284616,O=C(/C=C/c1ccc(O)c(O)c1)O[C@@H]1C[C@](O)(C(=O)O)C[C@@H](O)[C@H]1O,92900.0,inactive
CHEMBL416955,COC(=O)[C@]1(O)C[C@@H](O)[C@@H](O)[C@H](OC(=O)/C=C/c2ccc(O)c(O)c2)C1,100000.0,inactive
CHEMBL249447,O=C(/C=C/c1ccc(O)c(O)c1)O[C@@H]1C[C@](O)(C(=O)O)C[C@@H](OC(=O)/C=C/c2ccc(O)c(O)c2)[C@H]1O,16400.0,inactive
CHEMBL249448,O=C(/C=C/c1ccc(O)c(O)c1)O[C@@H]1C[C@](O)(C(=O)O)C[C@@H](O)[C@H]1OC(=O)/C=C/c1ccc(O)c(O)c1,4700.0,intermediate
CHEMBL177126,O=C(/C=C/c1ccc(O)c(O)c1)O[C@H]1[C@H](O)C[C@](O)(C(=O)O)C[C@H]1OC(=O)/C=C/c1ccc(O)c(O)c1,100.0,active
CHEMBL2146607,O=C(/C=C/c1ccc(O)c(O)c1)O[C@H]1[C@H](O)C[C@](OC(=O)/C=C/c2ccc(O)c(O)c2)(C(=O)O)C[C@H]1OC(=O)/C=C/c1ccc(O)c(O)c1,2200.0,intermediate
CHEMBL499997,O=C(/C=C/c1ccc(O)c(O)c1)O[C@@H]1C[C@](O)(C(=O)O)C[C@@H](OC(=O)/C=C/c2ccc(O)c(O)c2)[C@H]1OC(=O)/C=C/c1ccc(O)c(O)c1,300.0,active
CHEMBL2146608,COC(=O)[C@]1(O)C[C@@H](OC(=O)/C=C/c2ccc(O)c(O)c2)[C@@H](OC(=O)/C=C/c2ccc(O)c(O)c2)[C@H](OC(=O)/C=C/c2ccc(O)c(O)c2)C1,3000.0,intermediate
CHEMBL2179241,Nc1c(S(=O)(=O)c2ccc(Cl)cc2)cnc2cc(-c3ccccc3)nn12,2300.0,intermediate
CHEMBL2179242,O=C(Nc1ccccc1)Nc1ccc(Cl)cc1[N+](=O)[O-],900.0,active
CHEMBL2179243,O=S(=O)(Nc1ccc(N2CCCCC2)cc1)c1cc(Cl)sc1Cl,700.0,active
CHEMBL1458517,Cc1nc2sc3c(c2c(=O)o1)CCCC3,1200.0,intermediate
CHEMBL2203392,Cn1cnc2cc(-c3nc4ccc(F)nc4o3)ccc21,1000.0,active
CHEMBL2203391,Cn1ccc2cc(-c3nc4ccc(F)nc4o3)ncc21,1000.0,active
CHEMBL2203390,Cn1ncc2cc(-c3nc4ccc(F)nc4o3)ccc21,48.7,active
CHEMBL2203389,Fc1ccc2nc(-c3ccc4cc[nH]c4c3)oc2n1,45.3,active
CHEMBL2203388,Fc1ccc2nc(-c3ccc4ncsc4c3)oc2n1,35.8,active
CHEMBL2203387,Cn1ncc2cc(-c3nc4ccc(F)nc4o3)cnc21,30.2,active
CHEMBL2203386,CN1CCc2cc(-c3nc4ccc(F)nc4o3)cnc21,47.0,active
CHEMBL2203385,Cn1ccc2cc(-c3nc4ccc(F)nc4o3)cnc21,10.5,active
CHEMBL2203384,Fc1ccc2nc(-c3cnc4[nH]ccc4c3)oc2n1,25.7,active
CHEMBL2203383,Cn1ccc2cc(-c3nc4ccc(F)nc4o3)ccc21,8.0,active
CHEMBL2203382,Fc1ccc2nc(-c3ccc4[nH]ccc4c3)oc2n1,13.8,active
CHEMBL2203381,CN(C)c1ccc(-c2nc3ccc(F)nc3o2)cn1,41.8,active
CHEMBL2203380,CNc1ccc(-c2nc3ccc(F)nc3o2)cn1,102.0,active
CHEMBL2203379,CN(C)c1ccc(-c2nc3ccc(F)nc3o2)cc1,4.0,active
CHEMBL2203378,CNc1ccc(-c2nc3ccc(F)nc3o2)cc1,23.1,active
CHEMBL2203288,COc1ccc(-c2nc3ccc(F)nc3o2)cc1,32.5,active
CHEMBL2337291,Oc1ccc(-c2ccc(O)c(O)c2)cc1O,1000.0,active
CHEMBL2337290,Oc1ccc(-c2ccccc2-c2ccc(O)c(O)c2)cc1O,2700.0,intermediate
CHEMBL2337293,Oc1ccc(-c2cccc(-c3ccc(O)c(O)c3)c2)cc1O,3700.0,intermediate
CHEMBL2381403,COc1ccc2cc(C(=O)CN3CCN(c4ccccc4)CC3)c(=O)oc2c1,6500.0,intermediate
CHEMBL2381384,COc1ccc2cc(C(=O)CN3CCN(c4ncccn4)CC3)c(=O)oc2c1,4000.0,intermediate
CHEMBL2381385,COc1ccc2cc(C(=O)CN3CCOCC3)c(=O)oc2c1,5000.0,intermediate
CHEMBL2381402,COc1ccc2cc(C(=O)CN3CCC(c4ccccc4)CC3)c(=O)oc2c1,14000.0,inactive
CHEMBL2381386,COc1ccc2cc(C(=O)CN3CCC(Cc4ccccc4)CC3)c(=O)oc2c1,36000.0,inactive
CHEMBL2381401,COc1ccc2cc(C(=O)CN3CCN(Cc4ccccc4)CC3)c(=O)oc2c1,36000.0,inactive
CHEMBL723,COc1ccccc1OCCNCC(O)COc1cccc2[nH]c3ccccc3c12,30000.0,inactive
CHEMBL2386874,CN(C)c1cccc(Oc2cnc(Nc3cccc(O)c3)nc2)c1,100000.0,inactive
CHEMBL2386881,CCCCCC(=O)O[C@H]1CC[C@@]2(C)C(=CC[C@@H]3[C@@H]4C[C@@H]5O[C@]6(CC[C@@H](C)CO6)[C@@H](C)[C@@H]5[C@@]4(C)CC[C@@H]32)C1,100000.0,inactive
CHEMBL497,Oc1c(I)cc(Cl)c2cccnc12,100000.0,inactive
CHEMBL297453,O=C(O[C@@H]1Cc2c(O)cc(O)cc2O[C@@H]1c1cc(O)c(O)c(O)c1)c1cc(O)c(O)c(O)c1,100000.0,inactive
CHEMBL468154,O[C@H]1[C@H](O)[C@@H](O)[C@H](O)[C@@H](O)[C@@H]1O,100000.0,inactive
CHEMBL149082,NCCCS(=O)(=O)O,100000.0,inactive
CHEMBL165,Oc1ccc(/C=C/c2cc(O)cc(O)c2)cc1,15110.0,inactive
CHEMBL2402063,COc1cc(/C=C/c2ccc(NCc3cc(NC(C)C)ccc3O)cc2)cc(OC)c1,18350.0,inactive
CHEMBL2402075,COc1cc(/C=C/c2ccc(NCc3cc(NCC(C)C)ccc3O)cc2)cc(OC)c1,10320.0,inactive
CHEMBL2402074,CCCNc1ccc(O)c(CNc2ccc(/C=C/c3cc(OC)cc(OC)c3)cc2)c1,13070.0,inactive
CHEMBL2402067,COc1cc(/C=C/c2ccc(NCc3cc(N(C)C)ccc3O)cc2)cc(OC)c1,7560.0,intermediate
CHEMBL2402161,CN(C)c1ccccc1CNc1ccc(/C=C/c2cc(O)cc(O)c2)cc1,14160.0,inactive
CHEMBL2402160,CN(C)c1ccc(O)c(CNc2ccc(/C=C/c3cc(O)cc(O)c3)cc2)c1,6510.0,intermediate
CHEMBL2402159,O=[N+]([O-])c1ccc(O)c(CNc2ccc(/C=C/c3cc(O)cc(O)c3)cc2)c1,7060.0,intermediate
CHEMBL2402158,Oc1cc(O)cc(/C=C/c2ccc(NCc3cccc(O)c3O)cc2)c1,7870.0,intermediate
CHEMBL2402157,Oc1cc(O)cc(/C=C/c2ccc(NCc3ccccc3O)cc2)c1,10220.0,inactive
CHEMBL2402163,CN(C)c1ccc(/C=C/c2ccc(NCc3cc(N(C)C)ccc3O)cc2)cc1,10660.0,inactive
CHEMBL2402162,COc1ccc(/C=C/c2ccc(NCc3cc(N(C)C)ccc3O)cc2)cc1,12200.0,inactive
CHEMBL129795,O=C(/C=C/c1ccc(O)cc1)c1ccc(O)cc1O,19700.0,inactive
CHEMBL2408097,COc1ccc(C(=O)/C=C/c2ccc(C(=O)O)cc2)c(O)c1,18500.0,inactive
CHEMBL2408096,COC(=O)c1ccc(/C=C/C(=O)c2ccc(OC)cc2O)cc1,23800.0,inactive
CHEMBL2408095,COc1ccc(C(=O)/C=C/c2cc(Br)c(OCc3ccccc3)c(OC)c2)c(O)c1,12500.0,inactive
CHEMBL260867,COc1ccc(C(=O)/C=C/c2cc(OC)c(OC)c(OC)c2)c(O)c1,9700.0,intermediate
CHEMBL258752,COc1ccc(C(=O)/C=C/c2cc(OC)c(OC)cc2OC)c(O)c1,10200.0,inactive
CHEMBL2408094,CCOCCOc1ccc(/C=C/C(=O)c2ccc(OC)cc2O)cc1,19100.0,inactive
CHEMBL229907,COc1ccc(/C=C/C(=O)c2ccc(OC)cc2O)cc1,8400.0,intermediate
CHEMBL2408093,COc1ccc(C(=O)/C=C/c2ccc(OCc3ccccc3)cc2)c(O)c1,7800.0,intermediate
CHEMBL2408092,CCOCCOc1cccc(/C=C/C(=O)c2ccc(OC)cc2O)c1,10500.0,inactive
CHEMBL2408091,COc1ccc(C(=O)/C=C/c2ccc(OCCCOc3ccccc3)c(OC)c2)c(O)c1,10900.0,inactive
CHEMBL2407101,CCOCCCOc1ccc(/C=C/C(=O)c2ccc(OC)cc2O)cc1OC,5800.0,intermediate
CHEMBL2408265,COc1ccc(C(=O)/C=C/c2ccc(C(=O)Nc3cc([N+](=O)[O-])ccc3O)cc2)c(O)c1,13300.0,inactive
CHEMBL2408264,COc1ccc(C(=O)/C=C/c2ccc(C(=O)Nc3ccccc3O)cc2)c(O)c1,10100.0,inactive
CHEMBL2408263,COc1ccc(C(=O)/C=C/c2ccc(C(=O)Nc3ccccc3OC)cc2)c(O)c1,7300.0,intermediate
CHEMBL2408262,COc1ccc(C(=O)/C=C/c2ccc(C(=O)Nc3ccc(C)cc3C)cc2)c(O)c1,8300.0,intermediate
CHEMBL2408261,COc1ccc(C(=O)/C=C/c2ccc(C(=O)N(C)c3ccccc3)cc2)c(O)c1,20100.0,inactive
CHEMBL2408106,COc1ccc(C(=O)/C=C/c2ccc(C(=O)NCc3ccccc3)cc2)c(O)c1,18900.0,inactive
CHEMBL2408105,COc1ccc(C(=O)/C=C/c2ccc(C(=O)NCCc3ccccc3)cc2)c(O)c1,19100.0,inactive
CHEMBL2408104,CCCCCCCCCCCCNC(=O)c1ccc(/C=C/C(=O)c2ccc(OC)cc2O)cc1,15900.0,inactive
CHEMBL2408103,CCCNC(=O)c1ccc(/C=C/C(=O)c2ccc(OC)cc2O)cc1,19900.0,inactive
CHEMBL2408102,COc1ccc(C(=O)/C=C/c2ccc(C(=O)NC(C)C)cc2)c(O)c1,17800.0,inactive
CHEMBL2408101,COc1ccc(C(=O)/C=C/c2ccc(C(=O)N3CCOCC3)cc2)c(O)c1,3200.0,intermediate
CHEMBL2408100,COc1ccc(C(=O)/C=C/c2ccc(C(=O)N3CCCCC3)cc2)c(O)c1,5900.0,intermediate
CHEMBL2408099,COc1ccc(C(=O)/C=C/c2ccc(C(=O)N3CCN(C)CC3)cc2)c(O)c1,2200.0,intermediate
CHEMBL2408098,COc1ccc(C(=O)/C=C/c2ccc(C(=O)N3CCCC3)cc2)c(O)c1,14600.0,inactive
CHEMBL573,O=C(O)c1cccnc1,13100.0,inactive
CHEMBL858,O=C(O)CN(CCN(CC(=O)O)CC(=O)O)CC(=O)O,28400.0,inactive
CHEMBL2425961,CCc1nc2cc(/C=C/C(=O)NO)ccc2c(=O)n1CCc1ccccc1,50000.0,inactive
CHEMBL2425960,O=C(/C=C/c1ccc2c(=O)n(CCc3ccccc3)cnc2c1)NO,50000.0,inactive
CHEMBL2425959,Cc1nc2cc(/C=C/C(=O)NO)ccc2c(=O)n1CCc1c[nH]c2ccccc12,50000.0,inactive
CHEMBL2425958,Cc1nc2cc(/C=C/C(=O)NO)ccc2c(=O)n1CCc1ccccc1,50000.0,inactive
CHEMBL2425957,Cc1nc2cc(/C=C/C(=O)NO)ccc2c(=O)n1Cc1ccccc1,50000.0,inactive
CHEMBL2425956,Cc1nc2c(/C=C/C(=O)NO)cccc2c(=O)n1-c1ccccc1,50000.0,inactive
CHEMBL2425955,Cc1nc2cc(/C=C/C(=O)NO)ccc2c(=O)n1-c1ccccc1,50000.0,inactive
CHEMBL2425954,Cc1nc2ccc(/C=C/C(=O)NO)cc2c(=O)n1-c1ccccc1,50000.0,inactive
CHEMBL2425953,Cc1nc2cccc(/C=C/C(=O)NO)c2c(=O)n1-c1ccccc1,50000.0,inactive
CHEMBL2436692,O=c1ccoc2cc(OCCCN3CCN(CCCNc4c5c(nc6ccccc46)CCCC5)CC3)ccc12,11500.0,inactive
CHEMBL2436691,COc1cc(OCCCN2CCN(CCCNc3c4c(nc5ccccc35)CCCC4)CC2)cc2occc(=O)c12,12600.0,inactive
CHEMBL2436690,O=c1ccoc2cc(OCCCN3CCN(CCCNc4c5c(nc6ccccc46)CCCC5)CC3)cc(O)c12,4800.0,intermediate
CHEMBL2436710,O=c1cc(-c2ccc([N+](=O)[O-])cc2)oc2cc(OCCCN3CCN(CCCNc4c5c(nc6ccccc46)CCCC5)CC3)ccc12,14100.0,inactive
CHEMBL2436704,COc1cc(OCCCN2CCN(CCCNc3c4c(nc5ccccc35)CCCC4)CC2)cc2oc(-c3ccccc3)cc(=O)c12,9600.0,intermediate
CHEMBL2436703,O=c1cc(-c2ccccc2)oc2cc(OCCCN3CCN(CCCNc4c5c(nc6ccccc46)CCCC5)CC3)cc(O)c12,6500.0,intermediate
CHEMBL2436702,O=c1cc(-c2ccccc2)oc2cc(OCCCCCCN3CCN(CCCNc4c5c(nc6ccccc46)CCCC5)CC3)ccc12,13500.0,inactive
CHEMBL2436701,O=c1cc(-c2ccccc2)oc2cc(OCCCCCN3CCN(CCCNc4c5c(nc6ccccc46)CCCC5)CC3)ccc12,13200.0,inactive
CHEMBL2436700,O=c1cc(-c2ccccc2)oc2cc(OCCCCN3CCN(CCCNc4c5c(nc6ccccc46)CCCC5)CC3)ccc12,17300.0,inactive
CHEMBL2436699,O=c1cc(-c2ccccc2)oc2cc(OCCCN3CCN(CCCNc4c5c(nc6ccccc46)CCCC5)CC3)ccc12,14900.0,inactive
CHEMBL2436698,O=c1cc(-c2ccccc2)oc2cc(OCCN3CCN(CCCNc4c5c(nc6ccccc46)CCCC5)CC3)ccc12,9800.0,intermediate
CHEMBL2436697,O=c1cc(-c2ccccc2)oc2cc(OCCCCCCN3CCN(CCNc4c5c(nc6ccccc46)CCCC5)CC3)ccc12,14200.0,inactive
CHEMBL2436696,O=c1cc(-c2ccccc2)oc2cc(OCCCCCN3CCN(CCNc4c5c(nc6ccccc46)CCCC5)CC3)ccc12,12800.0,inactive
CHEMBL2436695,O=c1cc(-c2ccccc2)oc2cc(OCCCCN3CCN(CCNc4c5c(nc6ccccc46)CCCC5)CC3)ccc12,16400.0,inactive
CHEMBL2436694,O=c1cc(-c2ccccc2)oc2cc(OCCCN3CCN(CCNc4c5c(nc6ccccc46)CCCC5)CC3)ccc12,13700.0,inactive
CHEMBL2436693,O=c1cc(-c2ccccc2)oc2cc(OCCN3CCN(CCNc4c5c(nc6ccccc46)CCCC5)CC3)ccc12,16800.0,inactive
CHEMBL3087683,CC(C(=O)NCCCNCCCNC1=CC(=O)c2ccccc2C1=O)c1ccc(-c2ccccc2)c(F)c1,6880.0,intermediate
CHEMBL3087680,C[C@H](C(=O)NCCCNCCCNC1=CC(=O)C(NCCCNCCCNC(=O)[C@@H](C)c2ccc(-c3ccccc3)c(F)c2)=CC1=O)c1ccc(-c2ccccc2)c(F)c1,4430.0,intermediate
CHEMBL3087679,C[C@@H](C(=O)NCCCNCCCNC1=CC(=O)C(NCCCNCCCNC(=O)[C@H](C)c2ccc(-c3ccccc3)c(F)c2)=CC1=O)c1ccc(-c2ccccc2)c(F)c1,4770.0,intermediate
CHEMBL3087677,COc1ccc2c(c1)c(CC(=O)NCCCNCCCNC1=CC(=O)C(NCCCNCCCNC(=O)Cc3c(C)n(C(=O)c4ccc(Cl)cc4)c4ccc(OC)cc34)=CC1=O)c(C)n2C(=O)c1ccc(Cl)cc1,6110.0,intermediate
CHEMBL3087676,O=C(Cc1ccccc1Nc1c(Cl)cccc1Cl)NCCCNCCCNC1=CC(=O)C(NCCCNCCCNC(=O)Cc2ccccc2Nc2c(Cl)cccc2Cl)=CC1=O,3150.0,intermediate
CHEMBL3087675,CC1=C(CC(=O)NCCCNCCCNC2=CC(=O)C(NCCCNCCCNC(=O)CC3=C(C)/C(=C\c4ccc([S+](C)[O-])cc4)c4ccc(F)cc43)=CC2=O)c2cc(F)ccc2/C1=C/c1ccc([S+](C)[O-])cc1,8180.0,intermediate
CHEMBL3087674,CC(C)Cc1ccc(C(C)C(=O)NCCCNCCCNC2=CC(=O)C(NCCCNCCCNC(=O)C(C)c3ccc(CC(C)C)cc3)=CC2=O)cc1,4830.0,intermediate
CHEMBL231160,CCN(CCCCCCNC1=CC(=O)C(NCCCCCCN(CC)Cc2ccccc2OC)=CC1=O)Cc1ccccc1OC,5930.0,intermediate
CHEMBL3099500,CN(CCCCNc1c2c(nc3c(NC(=O)CNC(=O)CC[C@H](NC(=O)CNC(=O)OCc4ccccc4)C(=O)N[C@@H](Cc4ccccc4)C(=O)OCc4ccccc4)cccc13)CCCC2)CCCNc1c2c(nc3ccccc13)CCCC2,51000.0,inactive
CHEMBL541265,O=C(/C=C/c1cc(O)cc2c1[C@H](C(O)O[C@H](Cc1ccc(O)c(O)c1)C(=O)O)[C@@H](c1ccc(O)c(O)c1)O2)O[C@H](Cc1ccc(O)c(O)c1)C(=O)O,5000.0,intermediate
CHEMBL3235412,COC(=O)[C@H](Cc1c[nH]cn1)NC(=O)CN(CC(=O)O)Cc1ccccc1,5300.0,intermediate
CHEMBL3235503,c1ccc2c(NCCSSCCNc3c4c(nc5ccccc35)CCCC4)c3c(nc2c1)CCCC3,24200.0,inactive
CHEMBL3286981,COc1cc(/C=c2\sc3nc(-c4ccncc4)cn3c2=O)cc(OC)c1O,93.0,active
CHEMBL3286982,COc1cc(/C=c2\sc3nc(-c4ccc(Cl)cc4)cn3c2=O)cc(OC)c1O,7.0,active
CHEMBL3286983,COc1cc(/C=c2\sc3nc(-c4ccc(Cl)cc4)cn3c2=O)cc(Cl)c1O,32.0,active
CHEMBL3286984,COc1cc(/C=c2\sc3nc(-c4ccc(Cl)cc4)cn3c2=O)cc(Br)c1O,18.0,active
CHEMBL3286985,COc1cc(/C=c2\sc3nc(-c4ccc(Cl)cc4)cn3c2=O)cc(O)c1O,18.0,active
CHEMBL3286986,COc1cc(/C=c2\sc3nc(-c4ccncc4C)cn3c2=O)ccc1O,10000.0,inactive
CHEMBL3286987,COc1cc(/C=c2\sc3nc(-c4ccncc4C)cn3c2=O)cc(OC)c1O,32.0,active
CHEMBL3286988,COc1cc(/C=c2\sc3nc(-c4cccc(Cl)c4)cn3c2=O)cc(OC)c1O,6.0,active
CHEMBL3286989,COc1cc(/C=c2\sc3nc(-c4cccc(C(F)(F)F)c4)cn3c2=O)cc(Cl)c1O,123.0,active
CHEMBL3286990,COc1cc(/C=c2\sc3nc(-c4cccc(OC(F)(F)F)c4)cn3c2=O)cc(F)c1O,10000.0,inactive
CHEMBL191083,CN(C)c1ccc2nc3ccc(=[N+](C)C)cc-3sc2c1,550.0,active
CHEMBL3330737,N#C/C(=C\c1ccc(-c2ccc(-c3ccc(N(c4ccccc4)c4ccccc4)cc3)s2)s1)C(=O)O,410.0,active
CHEMBL3330738,N#CC(C#N)=Cc1ccc(-c2ccc(-c3ccc(N(c4ccccc4)c4ccccc4)cc3)s2)s1,10000.0,inactive
CHEMBL3330739,O=Cc1ccc(-c2ccc(-c3ccc(N(c4ccccc4)c4ccccc4)cc3)s2)s1,7100.0,intermediate
CHEMBL3330740,N#C/C(=C\c1ccc(-c2ccc(-c3ccc(N(c4ccccc4)c4ccccc4)cc3)s2)s1)C(N)=O,1500.0,intermediate
CHEMBL3330741,O=C1NC(=O)C(=Cc2ccc(-c3ccc(-c4ccc(N(c5ccccc5)c5ccccc5)cc4)s3)s2)C(=O)N1,10000.0,inactive
CHEMBL3330742,CN1C(=O)C(=Cc2ccc(-c3ccc(-c4ccc(N(c5ccccc5)c5ccccc5)cc4)s3)s2)C(=O)N(C)C1=O,10000.0,inactive
CHEMBL3330743,O=Cc1ccc(-c2ccc(-c3ccc(N(c4ccccc4)c4ccccc4)cc3)c3nsnc23)s1,10000.0,inactive
CHEMBL3330744,N#CC(C#N)=Cc1ccc(-c2ccc(-c3ccc(N(c4ccccc4)c4ccccc4)cc3)c3nsnc23)s1,10000.0,inactive
CHEMBL3330745,N#C/C(=C\c1ccc(-c2ccc(-c3ccc(N(c4ccccc4)c4ccccc4)cc3)c3nsnc23)s1)C(N)=O,10000.0,inactive
CHEMBL3330746,CC(C)(C)n1c2cc(-c3ccc(N(c4ccccc4)c4ccccc4)cc3)sc2c2sc(-c3ccc(C=O)s3)cc21,10000.0,inactive
CHEMBL3330747,CC(C)(C)n1c2cc(-c3ccc(N(c4ccccc4)c4ccccc4)cc3)sc2c2sc(-c3ccc(C=C(C#N)C#N)s3)cc21,10000.0,inactive
CHEMBL3330748,CC(C)(C)n1c2cc(-c3ccc(N(c4ccccc4)c4ccccc4)cc3)sc2c2sc(-c3ccc(/C=C(\C#N)C(N)=O)s3)cc21,10000.0,inactive
CHEMBL3330749,COc1ccc(-c2ccc(-c3ccc(C=O)s3)s2)cc1,10000.0,inactive
CHEMBL3330750,COc1ccc(-c2ccc(-c3ccc(C=C(C#N)C#N)s3)s2)cc1,1000.0,active
CHEMBL3330751,COc1ccc(-c2cc3c(s2)c2sc(-c4ccc(C=O)s4)cc2n3C(C)(C)C)cc1,380.0,active
CHEMBL3330752,COc1ccc(-c2cc3c(s2)c2sc(-c4ccc(C=C(C#N)C#N)s4)cc2n3C(C)(C)C)cc1,10000.0,inactive
CHEMBL3330753,COc1ccc(-c2cc3c(s2)c2sc(-c4ccc(/C=C(\C#N)C(N)=O)s4)cc2n3C(C)(C)C)cc1,550.0,active
CHEMBL3330754,O=Cc1ccc(-c2ccc(-c3ccc4[nH]ccc4c3)s2)s1,10000.0,inactive
CHEMBL3330735,CN(C)c1ccc2nc3ccc(N)cc3[s+]c2c1.[Cl-],3000.0,intermediate
CHEMBL3330736,CNc1ccc2nc3ccc(N(C)C)cc3[s+]c2c1.[Cl-],3000.0,intermediate
CHEMBL164,O=c1c(O)c(-c2cc(O)c(O)c(O)c2)oc2cc(O)cc(O)c12,3000.0,intermediate
CHEMBL253570,O=c1c(O)c(-c2ccc(O)c(O)c2)oc2c(O)c(O)cc(O)c12,3000.0,intermediate
CHEMBL3326698,O=C(NCCCCCNc1c2c(nc3ccccc13)CCCC2)c1cc2ccccc2oc1=O,100000.0,inactive
CHEMBL3326704,O=C(NCCCCCCNc1c2c(nc3ccccc13)CCCC2)c1cc2ccccc2oc1=O,100000.0,inactive
CHEMBL3326707,Cc1ccc2oc(=O)c(C(=O)NCCCCCCNc3c4c(nc5ccccc35)CCCC4)cc2c1,5000.0,intermediate
CHEMBL3326709,O=C(NCCCCCCNc1c2c(nc3ccccc13)CCCC2)c1cc2cc(OC(F)(F)F)ccc2oc1=O,24200.0,inactive
CHEMBL3327246,COc1ccc2oc(=O)c(C(=O)NCCCCCCCNc3c4c(nc5ccccc35)CCCC4)cc2c1,13400.0,inactive
CHEMBL3327247,Cc1ccc2oc(=O)c(C(=O)NCCCCCCCNc3c4c(nc5ccccc35)CCCC4)cc2c1,6100.0,intermediate
CHEMBL3298066,O=C1/C(=C/c2ccc(O)c(O)c2)Oc2c1ccc(O)c2O,2700.0,intermediate
CHEMBL151,O=c1cc(-c2ccc(O)c(O)c2)oc2cc(O)cc(O)c12,6400.0,intermediate
CHEMBL3297746,COc1c(-c2ccc(O)c(O)c2)oc2c(O)c(O)ccc2c1=O,5400.0,intermediate
CHEMBL2206986,CCO[C@@H]([C@H]1C[C@@H](C)[C@H]2[C@H](O1)[C@H](O)[C@@]1(C)[C@@H]3CC[C@H]4C(C)(C)[C@@H](O[C@H]5CN(CC(=O)N6CCC6)CCO5)CC[C@@]45C[C@@]35CC[C@]21C)C(C)(C)O,250.0,active
CHEMBL2206995,CCO[C@@H]([C@H]1C[C@@H](C)[C@H]2[C@H](O1)[C@H](O)[C@@]1(C)[C@@H]3CC[C@H]4C(C)(C)[C@@H](O[C@H]5CN(C(=O)C(C)C)CCO5)CC[C@@]45C[C@@]35CC[C@]21C)C(C)(C)O,170.0,active
CHEMBL2207065,CCO[C@@H]([C@H]1C[C@@H](C)[C@H]2[C@H](O1)[C@H](O)[C@@]1(C)[C@@H]3CC[C@H]4C(C)(C)[C@@H](O[C@H]5CN(C6COC6)CCO5)CC[C@@]45C[C@@]35CC[C@]21C)C(C)(C)O,270.0,active
CHEMBL2207043,CCO[C@@H]([C@H]1C[C@@H](C)[C@H]2[C@H](O1)[C@H](O)[C@@]1(C)[C@@H]3CC[C@H]4C(C)(C)[C@@H](O[C@H]5CN(CC)CCO5)CC[C@@]45C[C@@]35CC[C@]21C)C(C)(C)O,210.0,active
CHEMBL2207042,CCO[C@@H]([C@H]1C[C@@H](C)[C@H]2[C@H](O1)[C@H](O)[C@@]1(C)[C@@H]3CC[C@H]4C(C)(C)[C@@H](O[C@H]5CN(C)CCO5)CC[C@@]45C[C@@]35CC[C@]21C)C(C)(C)O,250.0,active
CHEMBL2207069,CCO[C@@H]([C@H]1C[C@@H](C)[C@H]2[C@H](O1)[C@H](O)[C@@]1(C)[C@@H]3CC[C@H]4C(C)(C)[C@@H](O[C@H]5CNCCO5)CC[C@@]45C[C@@]35CC[C@]21C)C(C)(C)O,91.0,active
CHEMBL2206994,CCO[C@@H]([C@H]1C[C@@H](C)[C@H]2[C@H](O1)[C@H](O)[C@@]1(C)[C@@H]3CC[C@H]4C(C)(C)[C@@H](O[C@H]5CN(C6CN(C)C6)CCO5)CC[C@@]45C[C@@]35CC[C@]21C)C(C)(C)O,100.0,active
CHEMBL2207044,CCO[C@@H]([C@H]1C[C@@H](C)[C@H]2[C@H](O1)[C@H](O)[C@@]1(C)[C@@H]3CC[C@H]4C(C)(C)[C@@H](O[C@H]5CN(CCOC)CCO5)CC[C@@]45C[C@@]35CC[C@]21C)C(C)(C)O,270.0,active
CHEMBL2207050,CCO[C@@H]([C@H]1C[C@@H](C)[C@H]2[C@H](O1)[C@H](O)[C@@]1(C)[C@@H]3CC[C@H]4C(C)(C)[C@@H](O[C@H]5CN(CCN6CCC6)CCO5)CC[C@@]45C[C@@]35CC[C@]21C)C(C)(C)O,110.0,active
CHEMBL2206992,CCO[C@@H]([C@H]1C[C@@H](C)[C@H]2[C@H](O1)[C@H](O)[C@@]1(C)[C@@H]3CC[C@H]4C(C)(C)[C@@H](O[C@H]5CN(C6(C)COC6)CCO5)CC[C@@]45C[C@@]35CC[C@]21C)C(C)(C)O,400.0,active
CHEMBL2206993,CCO[C@@H]([C@H]1C[C@@H](C)[C@H]2[C@H](O1)[C@H](O)[C@@]1(C)[C@@H]3CC[C@H]4C(C)(C)[C@@H](O[C@H]5CN(C6CNC6)CCO5)CC[C@@]45C[C@@]35CC[C@]21C)C(C)(C)O,100.0,active
CHEMBL3403815,CCO[C@@H]([C@H]1C[C@@H](C)[C@H]2[C@H](O1)[C@H](O)[C@@]1(C)[C@@H]3CC[C@H]4C(C)(C)[C@@H](O[C@H]5CN(CC6CN(C)C6)CCO5)CC[C@@]45C[C@@]35CC[C@]21C)C(C)(C)O,140.0,active
CHEMBL3403817,CCO[C@@H]([C@H]1C[C@@H](C)[C@H]2[C@H](O1)[C@H](O)[C@@]1(C)[C@@H]3CC[C@H]4C(C)(C)[C@@H](O[C@H]5CN(C6CN(C7CCC7)C6)CCO5)CC[C@@]45C[C@@]35CC[C@]21C)C(C)(C)O,120.0,active
CHEMBL3403818,CCO[C@@H]([C@H]1C[C@@H](C)[C@H]2[C@H](O1)[C@H](O)[C@@]1(C)[C@@H]3CC[C@H]4C(C)(C)[C@@H](O[C@H]5CN(C6CN(C7COC7)C6)CCO5)CC[C@@]45C[C@@]35CC[C@]21C)C(C)(C)O,130.0,active
CHEMBL3403819,CCO[C@@H]([C@H]1C[C@@H](C)[C@H]2[C@H](O1)[C@H](O)[C@@]1(C)[C@@H]3CC[C@H]4C(C)(C)[C@@H](O[C@H]5CN(C6CN(CCOC)C6)CCO5)CC[C@@]45C[C@@]35CC[C@]21C)C(C)(C)O,68.0,active
CHEMBL3403820,CCO[C@@H]([C@H]1C[C@@H](C)[C@H]2[C@H](O1)[C@H](O)[C@@]1(C)[C@@H]3CC[C@H]4C(C)(C)[C@@H](O[C@H]5CN(C6CN(CC(C)(C)O)C6)CCO5)CC[C@@]45C[C@@]35CC[C@]21C)C(C)(C)O,120.0,active
CHEMBL3403822,CCO[C@@H]([C@H]1C[C@@H](C)[C@H]2[C@H](O1)[C@H](O)[C@@]1(C)[C@@H]3CC[C@H]4C(C)(C)[C@@H](O[C@H]5CN(CC6CN(C(C)C)C6)CCO5)CC[C@@]45C[C@@]35CC[C@]21C)C(C)(C)O,110.0,active
CHEMBL3403823,CCO[C@@H]([C@H]1C[C@@H](C)[C@H]2[C@H](O1)[C@H](O)[C@@]1(C)[C@@H]3CC[C@H]4C(C)(C)[C@@H](O[C@H]5CN(CC6CN(C7CCC7)C6)CCO5)CC[C@@]45C[C@@]35CC[C@]21C)C(C)(C)O,210.0,active
CHEMBL3403824,CCO[C@@H]([C@H]1C[C@@H](C)[C@H]2[C@H](O1)[C@H](O)[C@@]1(C)[C@@H]3CC[C@H]4C(C)(C)[C@@H](O[C@H]5CN(CC6CN(C7COC7)C6)CCO5)CC[C@@]45C[C@@]35CC[C@]21C)C(C)(C)O,170.0,active
CHEMBL3403825,CCO[C@@H]([C@H]1C[C@@H](C)[C@H]2[C@H](O1)[C@H](O)[C@@]1(C)[C@@H]3CC[C@H]4C(C)(C)[C@@H](O[C@H]5CN(CC6CN(CCOC)C6)CCO5)CC[C@@]45C[C@@]35CC[C@]21C)C(C)(C)O,86.0,active
CHEMBL3403826,CCO[C@@H]([C@H]1C[C@@H](C)[C@H]2[C@H](O1)[C@H](O)[C@@]1(C)[C@@H]3CC[C@H]4C(C)(C)[C@@H](O[C@H]5CN(CC6CN(CC(C)(C)O)C6)CCO5)CC[C@@]45C[C@@]35CC[C@]21C)C(C)(C)O,86.0,active
CHEMBL3403827,CCO[C@@H]([C@H]1C[C@@H](C)[C@H]2[C@H](O1)[C@H](O)[C@@]1(C)[C@@H]3CC[C@H]4C(C)(C)[C@@H](O[C@H]5CN(CC6CN(CCO)C6)CCO5)CC[C@@]45C[C@@]35CC[C@]21C)C(C)(C)O,120.0,active
CHEMBL3403816,CCO[C@@H]([C@H]1C[C@@H](C)[C@H]2[C@H](O1)[C@H](O)[C@@]1(C)[C@@H]3CC[C@H]4C(C)(C)[C@@H](O[C@H]5CN(C6CN(C(C)C)C6)CCO5)CC[C@@]45C[C@@]35CC[C@]21C)C(C)(C)O,110.0,active
CHEMBL576840,O=C(Cc1ccccc1)NC(CSSCC(NC(=O)Cc1ccccc1)C(=O)O)C(=O)O,1950.0,intermediate
CHEMBL3400292,CNc1ccc(C(=O)NC(CCCCCNC(=O)OCc2ccccc2)C(=O)O)cc1,2750.0,intermediate
CHEMBL3582126,C[C@]1(O)c2ccc3c(c2C(=O)c2occ([C@@H](O)CCO)c21)CCC3=O,95900.0,inactive
CHEMBL3582127,C[C@]1(O)c2ccc3c(c2C(=O)c2occ(CCCO)c21)CCC3=O,28000.0,inactive
CHEMBL3582128,C[C@]1(O)c2ccc3c(c2C(=O)c2occ(CCO)c21)CCC3=O,34300.0,inactive
CHEMBL3582129,C[C@@]1(O)c2ccc3c(c2C(=O)c2occ([C@@H](O)CCO)c21)CCC3=O,71900.0,inactive
CHEMBL3582130,C[C@@]12c3ccc4c(c3C(=O)c3occ(c31)[C@@H](O)C[C@@H]2O)CCC4=O,10100.0,inactive
CHEMBL3582132,C[C@]12C[C@H](O)C3=C(C(=O)c4occ5c4[C@]3(C)CCC5=O)[C@@H]1CCC2=O,1200.0,intermediate
CHEMBL3582133,C[C@]12CC[C@H](O)c3coc(c31)C(=O)C1=C2C[C@@H](O)[C@]2(C)C(=O)CC[C@@H]12,43500.0,inactive
CHEMBL549959,C[C@@]12c3ccc4c(c3C(=O)c3occ(c31)C(=O)C[C@H]2O)CCC4=O,13400.0,inactive
CHEMBL3593276,CCN1/C(=C/C=C/c2sc3ccc(OCCCO[N+](=O)[O-])cc3[n+]2CC)Sc2ccc(OCCCO[N+](=O)[O-])cc21.O=S(=O)([O-])C(F)(F)F,26000.0,inactive
CHEMBL3593277,CCN1/C(=C/C=C/c2sc3ccc(OCc4no[n+]([O-])c4C(N)=O)cc3[n+]2CC)Sc2ccc(OCc3no[n+]([O-])c3C(N)=O)cc21.O=S(=O)([O-])C(F)(F)F,17000.0,inactive
CHEMBL3593280,CCN1/C(=C/C=C/c2sc3ccccc3[n+]2CC)Sc2ccc(OCc3no[n+]([O-])c3C(N)=O)cc21.[I-],26000.0,inactive
CHEMBL81782,CCN1/C(=C/C=C/c2sc3ccccc3[n+]2CC)Sc2ccccc21.[I-],3300.0,intermediate
CHEMBL3593278,CCN1/C(=C/C=C/c2sc3ccccc3[n+]2CC)Sc2ccc(OCCCO[N+](=O)[O-])cc21.[I-],7700.0,intermediate
CHEMBL3593279,CCN1/C(=C/C=C/c2sc3ccccc3[n+]2CC)Sc2ccc(Oc3no[n+]([O-])c3-c3ccccc3)cc21.[I-],1600.0,intermediate
CHEMBL3593282,CCCOc1ccc2c(c1)N(CC)/C(=C/C=C/c1sc3ccccc3[n+]1CC)S2.[I-],800.0,active
CHEMBL3594076,COc1cc(-c2cc(-c3c(O)cccc3O)[nH]n2)ccc1O,4300.0,intermediate
CHEMBL3594077,Oc1ccc(-c2cc(-c3c(O)cccc3O)[nH]n2)cc1,15800.0,inactive
CHEMBL3594078,Oc1ccc(-c2cc(-c3c(O)cccc3O)[nH]n2)cc1O,1300.0,intermediate
CHEMBL3594079,COc1cc(-c2cc(-c3c(O)cccc3O)[nH]n2)cc(OC)c1O,2900.0,intermediate
CHEMBL3622510,O=C(O)c1c(O)cc2c([nH]c3ccccc32)c1O,15000.0,inactive
CHEMBL3621634,Oc1ccc(/C=C/c2ccc(O)c3ncccc23)cc1,8500.0,intermediate
CHEMBL3622258,CC(C)c1c(NC(=O)/C=C/c2ccc(O)c(O)c2)cc2c(c1[N+](=O)[O-])CC[C@@H]1[C@]2(C)CCC[C@@]1(C)CNC(=O)/C=C/c1ccc(O)c(O)c1,3960.0,intermediate
CHEMBL3740785,C[C@@H]1C[C@@]23C[C@H]4C(C)(C)[C@@]5(C[C@]4(CN2C1=O)NC3=O)C(=O)Nc1c5ccc2c1C=CC(C)(C)O2,244300.0,inactive
CHEMBL3741682,C[C@@H]1C[C@@]23C[C@H]4C(C)(C)[C@@]5(C[C@]4(CN2C1=O)NC3=O)C(=O)Nc1c5ccc2c1OC=CC(C)(C)O2,300000.0,inactive
CHEMBL3742121,C[C@@H]1C[C@@]23C[C@H]4C(C)(C)[C@@]5(C[C@]4(CN2C1=O)N(C)C3=O)C(=O)Nc1c5ccc2c1C=CC(C)(C)O2,300000.0,inactive
CHEMBL3741529,C[C@@H]1C[C@@]23C[C@H]4C(C)(C)[C@@]5(C[C@]4(CN2C1=O)N(C)C3=O)C(=O)Nc1cc2c(cc15)OC(C)(C)C=CO2,300000.0,inactive
CHEMBL3739748,C[C@H]1CN2C[C@]34C[C@@]5(C(=O)Nc6c5ccc5c6OC=CC(C)(C)O5)C(C)(C)[C@@H]3C[C@@]2(C1)C(=O)N4C,269500.0,inactive
CHEMBL3741300,C[C@H]1CN2C[C@]34C[C@@]5(C(=O)Nc6c5ccc5c6C=CC(C)(C)O5)C(C)(C)[C@@H]3C[C@@]2(C1)C(=O)N4C,203700.0,inactive
CHEMBL3741111,CC1=CC[C@@H]2[C@@]3(C)[C@@H](O)CC(=O)OC(C)(C)[C@@H]3CC[C@@]2(C)[C@]12Cc1c(c(C)c(C)oc1=O)O2,300000.0,inactive
CHEMBL3739499,CC1=CC[C@@H]2[C@@]3(C)C=CC(=O)OC(C)(C)[C@@H]3CC[C@@]2(C)[C@]12Cc1c(c(C)c(C)oc1=O)O2,300000.0,inactive
CHEMBL3740688,CN1C(=O)[C@@]23CCC(=O)N2C[C@@]12C[C@@]1(C(=O)Nc4c1ccc1c4C=CC(C)(C)O1)C(C)(C)[C@@H]2C3,186600.0,inactive
CHEMBL3742151,CC(=O)O[C@H]1CC(=O)OC(C)(C)[C@@H]2CC[C@]3(C)[C@H](CC=C(C)[C@@]34C[C@]3(OC(C)=C(C)C3=O)C(=O)O4)[C@@]12C,300000.0,inactive
CHEMBL469159,CC1(C)C=Cc2cc(C(=O)O)ccc2O1,300000.0,inactive
CHEMBL324842,O=C(/C=C/c1ccc(O)c(O)c1)O[C@H](Cc1ccc(O)c(O)c1)C(=O)O,71900.0,inactive
CHEMBL3740705,COc1cccc(N2N=C(C)CC2=O)c1,50000.0,inactive
CHEMBL3739861,CC1=NN(c2ccc(N(c3ccccc3)c3ccccc3)cc2)C(=O)C1,50000.0,inactive
CHEMBL3741643,CC1=NN(c2ccc(-n3cccc3)cc2)C(=O)C1,26000.0,inactive
CHEMBL3741680,CC1=NN(c2cccc(COCc3ccccc3)c2)C(=O)C1,27000.0,inactive
CHEMBL3741909,CC1=NN(c2ccc(-c3ccccc3)cc2)C(=O)C1,5600.0,intermediate
CHEMBL3741268,COc1ccc(-c2ccc(N3N=C(C)CC3=O)cc2)cc1,3400.0,intermediate
CHEMBL3742091,CC1=NN(c2ccc(-c3cccnc3)cc2)C(=O)C1,14500.0,inactive
CHEMBL3741747,CC1=NN(c2ccc(-n3c(-c4ccccc4)cc4ccccc43)cc2)C(=O)C1,19600.0,inactive
CHEMBL290916,CC1=NN(c2ccccc2)C(=O)C1,50000.0,inactive
CHEMBL1880288,CC1=NN(c2ccccc2C)C(=O)C1,50000.0,inactive
CHEMBL3742311,CC1=NN(c2cccc(C)c2)C(=O)C1,50000.0,inactive
CHEMBL3740157,CC1=NN(c2ccc(C)cc2)C(=O)C1,50000.0,inactive
CHEMBL3739456,CC1=NN(c2ccc3ccccc3c2)C(=O)C1,50000.0,inactive
CHEMBL3740761,CCc1ccccc1N1N=C(C)CC1=O,50000.0,inactive
CHEMBL3740979,CC1=NN(c2cc(C)ccc2C)C(=O)C1,50000.0,inactive
CHEMBL3742036,COc1cc(N2N=C(C)CC2=O)nc(OC)n1,50000.0,inactive
CHEMBL3740667,CC1=NN(c2cccnc2)C(=O)C1,50000.0,inactive
CHEMBL3740581,CC1=NN(c2cccc(N3CCCC3)c2)C(=O)C1,16800.0,inactive
CHEMBL3739947,COc1cc(F)cc(N2N=C(C)CC2=O)c1,50000.0,inactive
CHEMBL3740346,CC1=NN(c2ccc(C(F)(F)F)cc2)C(=O)C1,50000.0,inactive
CHEMBL3741408,CC1=NN(c2ccc(C)c(F)c2)C(=O)C1,50000.0,inactive
CHEMBL3742186,CC1=NN(c2cc(F)ccc2C)C(=O)C1,50000.0,inactive
CHEMBL28626,O=c1c(O)c(-c2ccc(O)cc2O)oc2cc(O)cc(O)c12,30300.0,inactive
CHEMBL66,O=C1c2c(O)cc(O)cc2O[C@H](c2ccc(O)c(O)c2)[C@H]1O,33000.0,inactive
CHEMBL50,O=c1c(O)c(-c2ccc(O)c(O)c2)oc2cc(O)cc(O)c12,15300.0,inactive
CHEMBL309490,O=c1c(O)c(-c2ccccc2)oc2cc(O)cc(O)c12,500000.0,inactive
CHEMBL150,O=c1c(O)c(-c2ccc(O)cc2)oc2cc(O)cc(O)c12,75100.0,inactive
CHEMBL503168,O=c1c(O)c(-c2ccccc2O)oc2cc(O)cc(O)c12,55400.0,inactive
CHEMBL3752685,Cl.Cl.c1ccc2c(NCCCCCCCNc3c4c(nc5ccccc35)CCCC4)c3c(nc2c1)CCCC3,8400.0,intermediate
CHEMBL3751854,COc1ccc(CC(=O)Nc2nc(-c3ccccc3)cs2)cc1,10600.0,inactive
CHEMBL140,COc1cc(/C=C/C(=O)CC(=O)/C=C/c2ccc(O)c(OC)c2)ccc1O,11300.0,inactive
CHEMBL3781419,Cc1ccc(-c2cc(NCCNc3cc(-c4cccs4)[nH]n3)n[nH]2)cc1,29000.0,inactive
CHEMBL3781022,CN(C)c1ccc(-c2cc(NCCNc3cc(-c4ccc(N(C)C)cc4)[nH]n3)n[nH]2)cc1,7500.0,intermediate
CHEMBL3781026,Fc1ccc(-c2cc(NCCNc3cc(-c4ccc(F)cc4)[nH]n3)n[nH]2)cc1,40500.0,inactive
CHEMBL3797646,COc1ccc(CC(=O)OCC(=O)Nc2c3c(nc4ccccc24)CCCC3)cc1,71.28,active
CHEMBL3797706,COc1ccc(CC(=O)OCC(=O)Nc2c3c(nc4ccccc24)CCCC3)cc1OC,22.54,active
CHEMBL3799558,COc1ccc(CC(=O)OCC(=O)Nc2c3c(nc4ccccc24)CCCC3)c(OC)c1OC,51.81,active
CHEMBL3798857,O=C(COC(=O)Cc1ccc(O)cc1)Nc1c2c(nc3ccccc13)CCCC2,45.29,active
CHEMBL3797623,O=C(COC(=O)Cc1ccc(Cl)cc1)Nc1c2c(nc3ccccc13)CCCC2,77.45,active
CHEMBL3798989,COc1cc(OC)cc(C(=O)OCC(=O)Nc2c3c(nc4ccccc24)CCCC3)c1,55.86,active
CHEMBL3797363,COc1cc(C(=O)OCC(=O)Nc2c3c(nc4ccccc24)CCCC3)cc(OC)c1OC,30.74,active
CHEMBL3799703,COc1ccc(C(=O)OCC(=O)Nc2c3c(nc4ccccc24)CCCC3)c(OC)c1OC,65.5,active
CHEMBL3797381,COc1cc(C(=O)OCC(=O)Nc2c3c(nc4ccccc24)CCCC3)ccc1O,37.36,active
CHEMBL3800453,O=C(COC(=O)c1ccc(O)c(O)c1)Nc1c2c(nc3ccccc13)CCCC2,17.36,active
CHEMBL3800317,COc1ccc(/C=C/C(=O)OCC(=O)Nc2c3c(nc4ccccc24)CCCC3)cc1OC,49.14,active
CHEMBL3799950,COc1cc(/C=C/C(=O)OCC(=O)Nc2c3c(nc4ccccc24)CCCC3)cc(OC)c1OC,45.88,active
CHEMBL3798813,COc1ccc(/C=C/C(=O)OCC(=O)Nc2c3c(nc4ccccc24)CCCC3)cc1O,46.12,active
CHEMBL3799175,O=C(COC(=O)/C=C/c1ccc(Cl)cc1)Nc1c2c(nc3ccccc13)CCCC2,51.77,active
CHEMBL3799641,O=C(COC(=O)Cc1c[nH]c2ccccc12)Nc1c2c(nc3ccccc13)CCCC2,38.96,active
CHEMBL95,Nc1c2c(nc3ccccc13)CCCC2,12.21,active
CHEMBL3814397,Nc1nc(NCC2CCCCC2)nc2ccccc12,25000.0,inactive
CHEMBL3815140,CC(C)Nc1nc(N)c2ccccc2n1,25000.0,inactive
CHEMBL3814981,CCCNc1nc(N)c2ccccc2n1,25000.0,inactive
CHEMBL3814610,Nc1nc(NCCc2ccccc2)nc2ccccc12,25000.0,inactive
CHEMBL3814189,Nc1nc(NCc2ccc(F)cc2)nc2ccccc12,25000.0,inactive
CHEMBL3813837,Nc1nc(NCc2cccc(F)c2)nc2ccccc12,14700.0,inactive
CHEMBL3814001,Nc1nc(NCc2ccc(Br)cc2)nc2ccccc12,1700.0,intermediate
CHEMBL3814125,Nc1nc(NCc2cccc(Br)c2)nc2ccccc12,2700.0,intermediate
CHEMBL3815148,Nc1nc(NCc2ccc(Cl)cc2)nc2ccccc12,8100.0,intermediate
CHEMBL3814191,Nc1nc(NCc2cccc(Cl)c2)nc2ccccc12,13400.0,inactive
CHEMBL3814611,Nc1nc(NCc2ccc(C(F)(F)F)cc2)nc2ccccc12,5300.0,intermediate
CHEMBL3815150,Nc1nc(NCc2cccc(C(F)(F)F)c2)nc2ccccc12,13800.0,inactive
CHEMBL3814909,COc1ccc(CNc2nc(N)c3ccccc3n2)cc1,25000.0,inactive
CHEMBL3814324,COc1cccc(CNc2nc(N)c3ccccc3n2)c1,25000.0,inactive
CHEMBL3813859,Cc1ccc(CNc2nc(N)c3ccccc3n2)cc1,22500.0,inactive
CHEMBL3814103,Cc1cccc(CNc2nc(N)c3ccccc3n2)c1,25000.0,inactive
CHEMBL3814134,Nc1nc(NCc2ccccc2)nc2ccccc12,8400.0,intermediate
CHEMBL410263,O=S(=O)([O-])c1cc(S(=O)(=O)[O-])c2c(/N=N/c3ccccc3)c(O)ccc2c1.[Na+].[Na+],8700.0,intermediate
CHEMBL3815002,Nc1nc(NCC2CCCCC2)c2ccccc2n1,25000.0,inactive
CHEMBL3814123,Nc1nc(NCCc2ccccc2)c2ccccc2n1,25000.0,inactive
CHEMBL3357256,Nc1nc(NCc2ccc(F)cc2)c2ccccc2n1,25000.0,inactive
CHEMBL3814748,Nc1nc(NCc2cccc(F)c2)c2ccccc2n1,25000.0,inactive
CHEMBL3814631,Nc1nc(NCc2ccc(Br)cc2)c2ccccc2n1,14800.0,inactive
CHEMBL3814270,Nc1nc(NCc2cccc(Br)c2)c2ccccc2n1,22300.0,inactive
CHEMBL3813811,Nc1nc(NCc2ccc(Cl)cc2)c2ccccc2n1,25000.0,inactive
CHEMBL3814383,Nc1nc(NCc2cccc(Cl)c2)c2ccccc2n1,25000.0,inactive
CHEMBL3814660,Nc1nc(NCc2ccc(C(F)(F)F)cc2)c2ccccc2n1,25000.0,inactive
CHEMBL3814349,Nc1nc(NCc2cccc(C(F)(F)F)c2)c2ccccc2n1,21000.0,inactive
CHEMBL3813788,COc1ccc(CNc2nc(N)nc3ccccc23)cc1,25000.0,inactive
CHEMBL3813971,Cc1ccc(CNc2nc(N)nc3ccccc23)cc1,25000.0,inactive
CHEMBL3814363,Cc1cccc(CNc2nc(N)nc3ccccc23)c1,25000.0,inactive
CHEMBL3815078,Nc1nc(NCc2ccccc2)c2ccccc2n1,25000.0,inactive
CHEMBL3814965,CC(C)Nc1nc(N)nc2ccccc12,10200.0,inactive
CHEMBL3814813,CCCNc1nc(N)nc2ccccc12,14900.0,inactive
CHEMBL3814429,COc1cccc(CNc2nc(N)nc3ccccc23)c1,20600.0,inactive
CHEMBL429694,Nc1c(/N=N/c2ccc(-c3ccc(/N=N/c4cc(S(=O)(=O)[O-])c5ccccc5c4N)cc3)cc2)cc(S(=O)(=O)[O-])c2ccccc12.[Na+].[Na+],1300.0,intermediate
CHEMBL3815004,CNc1cccc(CCNc2cccc(NCCc3ccccn3)n2)n1,35000.0,inactive
CHEMBL3814529,CNc1cccc(NCCCc2cccc(NCCCc3ccccn3)n2)n1,17000.0,inactive
CHEMBL3814719,CNc1cccc(NCCc2cccc(NCCc3ccccn3)n2)n1,25000.0,inactive
CHEMBL3814159,CNc1cccc(NCCc2cccc(NCc3ccccn3)n2)n1,13000.0,inactive
CHEMBL3813916,CNc1cccc(CCNc2cccc(CCN(c3ccccn3)c3ccccn3)n2)n1,240000.0,inactive
CHEMBL3814563,CNc1cccc(CCNc2cccc(CCNc3ccccn3)n2)n1,280000.0,inactive
CHEMBL3818600,O=C1C(=Cc2ccc(N3CCN(C(=O)c4ccco4)CC3)cc2)C(=O)c2ccccc21,9200.0,intermediate
CHEMBL3819454,O=C1C(=Cc2ccc(N3CCN(C(c4ccccc4)c4ccccc4)CC3)cc2)C(=O)c2ccccc21,11750.0,inactive
CHEMBL3818053,O=C1C(=Cc2ccc(N3CCN(c4ncccn4)CC3)cc2)C(=O)c2ccccc21,10110.0,inactive
CHEMBL3942680,COc1cc(O)ccc1/C=C/C(=O)CC(=O)/C=C/c1ccc(O)cc1OC,4600.0,intermediate
CHEMBL405110,CN(C)c1ccc2nc3ccc(=[N+](C)C)cc-3sc2c1.[Cl-],500.0,active
CHEMBL3953399,COc1cc(OCc2ccccn2)ccc1/C=C/c1cc(/C=C/c2ccc3cc[nH]c3c2)[nH]n1,1200.0,intermediate
CHEMBL3948937,COc1cc(OCc2ccccn2)ccc1/C=C/C(=O)CC(=O)/C=C/c1ccc2cc[nH]c2c1,470.0,active
CHEMBL3901022,COc1cc(OCc2ccccc2)ccc1/C=C/C(=O)CC(=O)/C=C/c1ccc2cc[nH]c2c1,5400.0,intermediate
CHEMBL3938007,COc1cc(OCC2CCCO2)ccc1/C=C/C(=O)CC(=O)/C=C/c1ccc2cc[nH]c2c1,2500.0,intermediate
CHEMBL3965306,COc1ccc(/C=C/C(=O)CC(=O)/C=C/c2ccc3cc[nH]c3c2)c(OC)c1,610.0,active
CHEMBL3911126,COc1cc(O)ccc1/C=C/C(=O)CC(=O)/C=C/c1ccc2cc[nH]c2c1,520.0,active
CHEMBL3981143,COc1cc(/C=C/C(=O)CC(=O)/C=C/c2ccco2)ccc1O,760.0,active
CHEMBL3889997,COc1cc(/C=C/C(=O)CC(=O)/C=C/c2cccnc2)ccc1O,10000.0,inactive
CHEMBL3892054,COc1cc(/C=C/C(=O)CC(=O)/C=C/c2ccccc2)ccc1O,2200.0,intermediate
CHEMBL3950384,COc1cc(/C=C/C(=O)CC(=O)/C=C/c2ccc3cc[nH]c3c2)ccc1O,420.0,active
CHEMBL3922663,COc1cc(/C=C/C(=O)CC(=O)/C=C/c2ccc3ccccc3c2)ccc1O,590.0,active
CHEMBL3978488,COc1cc(/C=C/C(=O)CC(=O)/C=C/c2ccc3c(c2)OCO3)ccc1O,3700.0,intermediate
CHEMBL3672436,COc1ccc(/C=C/C(=O)CC(=O)/C=C/c2ccc(O)c(OC)c2)c(O)c1,930.0,active
CHEMBL3970179,COc1cc(O)cc(/C=C/C(=O)CC(=O)/C=C/c2ccc(O)c(OC)c2)c1,1100.0,intermediate
CHEMBL3940632,COc1ccc(O)c(/C=C/C(=O)CC(=O)/C=C/c2ccc(O)c(OC)c2)c1,1800.0,intermediate
CHEMBL3672401,COc1cc(/C=C/C(=O)CC(=O)/C=C/c2ccc(O)cc2OC)ccc1O,920.0,active
CHEMBL3969106,COc1cc(/C=C/C(=O)CC(=O)/C=C/c2cc(O)ccc2OC)ccc1O,1300.0,intermediate
CHEMBL3672439,COc1cc(/C=C/C(=O)CC(=O)/C=C/c2c(O)cccc2OC)ccc1O,1600.0,intermediate
CHEMBL3958051,COc1ccc(/C=C/C(=O)CC(=O)/C=C/c2ccc(O)c(OC)c2)cc1O,2100.0,intermediate
CHEMBL3911667,COc1cc(/C=C/C(=O)CC(=O)/C=C/c2cccc(O)c2OC)ccc1O,1900.0,intermediate
CHEMBL3986412,COc1cc(/C=C/C(=O)CC(=O)/C=C/c2cccc(OC)c2O)ccc1O,5400.0,intermediate
CHEMBL3922564,CN(C)c1ccc(-c2cc(=O)c3ccc(OCC(=O)NCCCCCCNc4c5c(nc6ccccc46)CCCC5)cc3o2)cc1,9470.0,intermediate
CHEMBL3883958,OC[C@@H]1Cc2c([nH]c3ccccc23)CN1Cc1cn(C[C@@H]2Cc3c([nH]c4ccccc34)CN2)nn1,66360.0,inactive
CHEMBL3944195,COc1cc2c(cc1OC)C(=O)/C(=C/c1ccc(N3CCN(C(c4ccccc4)c4ccccc4)CC3)cc1)C2,12200.0,inactive
CHEMBL3925265,COc1cc2c(cc1OC)C(=O)/C(=C/c1ccc(N3CCN(C(c4ccc(F)cc4)c4ccc(F)cc4)CC3)cc1)C2,7400.0,intermediate
CHEMBL3913721,COc1cc2c(cc1OC)C(=O)/C(=C/c1ccc(N3CCN(C(=O)c4ccoc4)CC3)cc1)C2,10900.0,inactive
CHEMBL3951861,COc1cc2c(cc1OC)C(=O)/C(=C/c1ccc(N3CCN(c4ncccn4)CC3)cc1)C2,9900.0,intermediate
CHEMBL1086286,CCS(=O)(=O)NC[C@@H]1CCC[C@@]2(S(=O)(=O)c3ccc(Cl)cc3)c3c(F)ccc(F)c3OC[C@@H]12,1.0,active
CHEMBL1086287,O=S(=O)(NC[C@@H]1CCC[C@@]2(S(=O)(=O)c3ccc(Cl)cc3)c3c(F)ccc(F)c3OC[C@@H]12)C(F)(F)F,14.0,active
CHEMBL3659993,CC(=O)CC[C@@H]1OCC[C@@]2(S(=O)(=O)c3ccc(Cl)cc3)c3c(F)ccc(F)c3OC[C@@H]12,7.0,active
CHEMBL3659994,O=S(=O)(c1ccc(Cl)cc1)[C@@]12CCO[C@@H](CCC(O)CO)[C@@H]1COc1c(F)ccc(F)c12,15.0,active
CHEMBL1090210,O=S(=O)(N[C@@H]1CC[C@@]2(S(=O)(=O)c3ccc(Cl)cc3)c3c(F)ccc(F)c3OC[C@H]2C1)C1CC1,8.0,active
CHEMBL3659995,O=C(C[C@@H]1CC[C@@]2(S(=O)(=O)c3ccc(C(F)(F)F)cc3)c3c(F)ccc(F)c3OC[C@H]2C1)NCC(F)(F)F,25.0,active
CHEMBL3659992,CCS(=O)(=O)CC[C@@H]1CCC[C@@]2(S(=O)(=O)c3ccc(Cl)cc3)c3c(F)ccc(F)c3OC[C@@H]12,10.0,active
CHEMBL1090209,O=S(=O)(N[C@@H]1CC[C@@]2(S(=O)(=O)c3ccc(Cl)cc3)c3c(F)ccc(F)c3OC[C@H]2C1)C(F)(F)F,27.0,active
CHEMBL1778349,O=S(=O)(N[C@@H]1CC[C@@]2(S(=O)(=O)c3ccc(Cl)cc3)c3c(F)ccc(F)c3OC[C@@]2(O)C1)C1CC1,29.0,active
CHEMBL1085076,O=S(=O)(NC[C@@H]1CCC[C@@]2(S(=O)(=O)c3ccc(C(F)(F)F)cc3)c3c(F)ccc(F)c3OC[C@@H]12)C(F)(F)F,54.0,active
CHEMBL3667019,O=C(/C=C/c1ccc(O)c(OC(F)(F)F)c1)CC(=O)/C=C/c1ccc(O)c(OC(F)(F)F)c1,210.0,active
CHEMBL3667020,COC(=O)CCC(C(=O)/C=C/c1ccc(O)c(OC(F)(F)F)c1)C(=O)/C=C/c1ccc(O)c(OC(F)(F)F)c1,440.0,active
CHEMBL3667021,CC(C)(C(=O)/C=C/c1ccc(O)c(OC(F)(F)F)c1)C(=O)/C=C/c1ccc(O)c(OC(F)(F)F)c1,15000.0,inactive
CHEMBL3667022,COC(=O)CC(C(=O)/C=C/c1ccc(O)c(OC(F)(F)F)c1)C(=O)/C=C/c1ccc(O)c(OC(F)(F)F)c1,520.0,active
CHEMBL3667023,COC(=O)CCCC(C(=O)/C=C/c1ccc(O)c(OC(F)(F)F)c1)C(=O)/C=C/c1ccc(O)c(OC(F)(F)F)c1,310.0,active
CHEMBL3667024,CCOC(=O)CCC(C(=O)/C=C/c1ccc(O)c(OC(F)(F)F)c1)C(=O)/C=C/c1ccc(O)c(OC(F)(F)F)c1,380.0,active
CHEMBL3667025,CC(C)(C)OC(=O)CCC(C(=O)/C=C/c1ccc(O)c(OC(F)(F)F)c1)C(=O)/C=C/c1ccc(O)c(OC(F)(F)F)c1,650.0,active
CHEMBL3667026,O=C(O)CCC(C(=O)/C=C/c1ccc(O)c(OC(F)(F)F)c1)C(=O)/C=C/c1ccc(O)c(OC(F)(F)F)c1,1300.0,intermediate
CHEMBL3667027,CCOC(=O)C(C(=O)/C=C/c1ccc(O)c(OC(F)(F)F)c1)C(=O)/C=C/c1ccc(O)c(OC(F)(F)F)c1,140.0,active
CHEMBL3667028,COC(=O)CCC(C(=O)/C=C/c1ccc([O-])c(OC(F)(F)F)c1)C(=O)/C=C/c1ccc([O-])c(OC(F)(F)F)c1.[Na+].[Na+],560.0,active
CHEMBL3667029,COCOCCCC(C(=O)/C=C/c1ccc(O)c(OC(F)(F)F)c1)C(=O)/C=C/c1ccc(O)c(OC(F)(F)F)c1,500.0,active
CHEMBL3667030,CN(C)C(=O)CCC(C(=O)/C=C/c1ccc(O)c(OC(F)(F)F)c1)C(=O)/C=C/c1ccc(O)c(OC(F)(F)F)c1,500.0,active
CHEMBL3667031,O=C(/C=C/c1ccc(O)c(OC(F)(F)F)c1)C(CCOCCO)C(=O)/C=C/c1ccc(O)c(OC(F)(F)F)c1,700.0,active
CHEMBL3667032,COC(=O)COc1ccc(/C=C/C(=O)CC(=O)/C=C/c2ccc(O)c(OC)c2)cc1OC,140.0,active
CHEMBL3667033,COc1cc(/C=C/C(=O)CC(=O)/C=C/c2ccc(OCC(=O)O)c(OC)c2)ccc1O,310.0,active
CHEMBL3639383,COc1cc(/C=C/C(=O)CC(=O)/C=C/c2ccc(O)c(C(F)(F)F)c2)ccc1O,130.0,active
CHEMBL3667034,CNc1ccc(/C=C/C(=O)CC(=O)/C=C/c2ccc(NC)c(C(F)(F)F)c2)cc1C(F)(F)F,5800.0,intermediate
CHEMBL3667035,COc1cc(/C=C/C(=O)CC(=O)/C=C/c2cncc(C(F)(F)F)c2)ccc1O,100.0,active
CHEMBL3667036,COC(=O)CCC(C(=O)/C=C/c1ccc(O)c(C(F)(F)F)c1)C(=O)/C=C/c1ccc(O)c(C(F)(F)F)c1,360.0,active
CHEMBL3667037,N#CCCC(C(=O)/C=C/c1ccc(O)c(OC(F)(F)F)c1)C(=O)/C=C/c1ccc(O)c(OC(F)(F)F)c1,300.0,active
CHEMBL3667038,CC(C(=O)/C=C/c1ccc(O)c(OC(F)(F)F)c1)C(=O)/C=C/c1ccc(O)c(OC(F)(F)F)c1,320.0,active
CHEMBL3667039,COC(=O)CCC(C(=O)/C=C/c1ccc(O)c(OC(F)(F)F)c1)C(=O)/C=C/c1ccco1,650.0,active
CHEMBL4112651,CO[C@H]1CC[C@]2(CC1)Cc1ccc(C#CC3CCC3)cc1[C@]21N=C(C)C(N)=N1,2.0,active
CHEMBL3893021,CO[C@H]1CC[C@]2(CC1)Cc1ccc(C#CC(C)C)cc1[C@@]21N=C(C)C(N)=N1,1.6,active
CHEMBL3959097,CO[C@H]1CC[C@]2(CC1)Cc1ccc(OCCC(F)(F)F)cc1C21N=C(C)C(N)=N1,56.0,active
CHEMBL3898248,CO[C@H]1CC[C@]2(CC1)Cc1ccc(OCCC(F)(F)F)cc1[C@@]21N=C(C)C(N)=N1,0.7,active
CHEMBL3672698,CC1=N[C@]2(N=C1N)c1cc(-c3cc(Cl)cc(C#N)c3)ccc1C[C@]21CC[C@@H](O)CC1,1.6,active
CHEMBL3672702,CC[C@@H](C)Oc1ccc2c(c1)C1(N=C(C)C(N)=N1)[C@]1(CC[C@H](OC)CC1)C2,16.0,active
CHEMBL3672687,CC1=NC2(N=C1N)c1cc(Br)ccc1C[C@]21CC[C@@H](O)CC1,2.4,active
CHEMBL3672688,CC1=N[C@@]2(N=C1N)c1cc(Br)ccc1C[C@]21CC[C@@H](O)CC1,96.0,active
CHEMBL3891777,CO[C@H]1CC[C@]2(CC1)Cc1ccc(C#CC3CCC3)cc1[C@@]21N=C(C)C(N)=N1,2.1,active
CHEMBL3945110,CO[C@H]1CC[C@]2(CC1)Cc1ccc(C#CC(C)C)cc1C21N=C(C)C(N)=N1,678.0,active
CHEMBL4110988,CO[C@H]1CC[C@]2(CC1)Cc1ccc(C#CC(C)C)cc1[C@]21N=C(C)C(N)=N1,0.7,active
CHEMBL3672695,CC1=N[C@]2(N=C1N)c1cc(OCCCF)ccc1C[C@]21CC[C@@H](OC(F)F)CC1,1.6,active
CHEMBL3899321,CO[C@H]1CC[C@]2(CC1)Cc1ccc(OCC(C)F)cc1C21N=C(C)C(N)=N1,2.5,active
CHEMBL3672699,CC1=N[C@@]2(N=C1N)c1cc(-c3cc(Cl)cc(C#N)c3)ccc1C[C@]21CC[C@@H](O)CC1,216.0,active
CHEMBL3653726,CC#Cc1cncc(-c2ccc3c(c2)[C@@]2(N=C(C)C(N)=N2)[C@]2(CC[C@H](O)CC2)C3)c1,1.0,active
CHEMBL3937729,[C-]#[N+]c1cc(Cl)cc(-c2cc3c(cc2C)C[C@]2(CC[C@@H](OC)CC2)C32N=C(C)C(N)=N2)c1,12.0,active
CHEMBL3947671,CO[C@H]1CC[C@]2(CC1)Cc1cc(F)c(-c3cc(Cl)cc(C#N)c3)cc1C21N=C(C)C(N)=N1,1.7,active
CHEMBL4113193,CO[C@H]1CC[C@]2(CC1)Cc1cc(F)c(-c3cc(Cl)cc(C#N)c3)cc1[C@]21N=C(C)C(N)=N1,986.0,active
CHEMBL3943188,CO[C@H]1CC[C@]2(CC1)Cc1cc(F)c(-c3cc(F)cc(C#N)c3)cc1C21N=C(C)C(N)=N1,4.8,active
CHEMBL3913223,CC#Cc1cncc(-c2cc3c(cc2C)C[C@]2(CC[C@@H](OC)CC2)C32N=C(C)C(N)=N2)c1,17.0,active
CHEMBL3672708,COC1CCC2(CC1)Cc1cc(F)c(Br)cc1C21N=C(C)C(N)=N1,176.0,active
CHEMBL3902640,CO[C@H]1CC[C@]2(CC1)Cc1cc(F)c(-c3cc(Cl)cc(C#N)c3)cc1[C@@]21N=C(C)C(N)=N1,0.8,active
CHEMBL3969309,CO[C@H]1CC[C@]2(CC1)Cc1cc(F)c(-c3cncc(Cl)c3)cc1C21N=C(C)C(N)=N1,3.0,active
CHEMBL3916194,CO[C@H]1CC[C@]2(CC1)Cc1cc(F)c(-c3cc(F)cc(C#N)c3)cc1[C@@]21N=C(C)C(N)=N1,7.4,active
CHEMBL3672718,CC1=NC2(N=C1N)c1cc(-c3cc(F)cc(C#N)c3)ccc1CCC21CC1,23.0,active
CHEMBL3672719,CC1=NC2(N=C1N)c1cc(-c3cc(F)cc(F)c3)ccc1CCC21CC1,118.0,active
CHEMBL3672720,CC1=NC2(N=C1N)c1cc(-c3cncc(Cl)c3)ccc1CCC21CC1,11.0,active
CHEMBL3672721,CO[C@H]1CC[C@@]2(CCc3ccc(Br)cc3C23N=C(C)C(N)=N3)CC1,78.0,active
CHEMBL3672723,COc1cc(C#N)cc(-c2ccc3c(c2)C2(N=C(C)C(N)=N2)[C@]2(CC3)CC[C@@H](OC)CC2)c1,1.0,active
CHEMBL3672724,COc1cc(C#N)cc(-c2ccc3c(c2)C2(N=C(C)C(N)=N2)[C@]2(CC3)CC[C@H](OC)CC2)c1,80.0,active
CHEMBL3672725,CO[C@H]1CC[C@@]2(CCc3ccc(-c4cncc(Cl)c4)cc3C23N=C(C)C(N)=N3)CC1,2.5,active
CHEMBL3672726,CO[C@H]1CC[C@]2(CCc3ccc(-c4cncc(Cl)c4)cc3C23N=C(C)C(N)=N3)CC1,19.0,active
CHEMBL3672727,CC#Cc1cncc(-c2ccc3c(c2)C2(N=C(C)C(N)=N2)[C@]2(CC3)CC[C@H](OC)CC2)c1,81.0,active
CHEMBL3672728,CC#Cc1cncc(-c2ccc3c(c2)C2(N=C(C)C(N)=N2)[C@]2(CC3)CC[C@@H](OC)CC2)c1,2.4,active
CHEMBL3672729,CC1=NC2(N=C1N)c1cc(-c3cc(Cl)cc(C#N)c3)ccc1CCC21CC1,16.0,active
CHEMBL3672730,COC1CCC2(CCc3ccc(-c4cc(Cl)cc(C#N)c4)cc3C23N=C(C)C(N)=N3)CC1,3.1,active
CHEMBL3672731,CO[C@H]1CC[C@@]2(CCc3ccc(-c4cc(Cl)cc(C#N)c4)cc3C23N=C(C)C(N)=N3)CC1,92.0,active
CHEMBL3672732,CO[C@H]1CC[C@]2(CCc3ccc(-c4cc(Cl)cc(C#N)c4)cc3C23N=C(C)C(N)=N3)CC1,4.5,active
CHEMBL3915935,CO[C@H]1CC[C@]2(CC1)Cc1ccc(OCC3(C)CC3)cc1C21N=C(C)C(N)=N1,2.8,active
CHEMBL3891403,CO[C@H]1CC[C@]2(CC1)Cc1ccc(OCC3CC(F)(F)C3)cc1C21N=C(C)C(N)=N1,8.4,active
CHEMBL3923244,CO[C@H]1CC[C@]2(CC1)Cc1ccc(OCC3CC3)cc1C21N=C(C)C(N)=N1,1.6,active
CHEMBL3937398,CO[C@H]1CC[C@]2(CC1)Cc1ccc(OCC3CC3)cc1[C@@]21N=C(C)C(N)=N1,0.9,active
CHEMBL3905816,CO[C@H]1CC[C@]2(CC1)Cc1ccc(OCC3CC3(F)F)cc1C21N=C(C)C(N)=N1,2.3,active
CHEMBL3961886,CO[C@H]1CC[C@]2(CC1)Cc1ccc(OCC3CCC3)cc1C21N=C(C)C(N)=N1,1.5,active
CHEMBL3927449,CO[C@H]1CC[C@]2(CC1)Cc1ccc(OCC3CCC3)cc1[C@@]21N=C(C)C(N)=N1,1.3,active
CHEMBL3939963,CO[C@H]1CC[C@]2(CC1)Cc1ccc(OCCC3CC3)cc1C21N=C(C)C(N)=N1,0.8,active
CHEMBL3692695,O=C(Nc1ccc2c(c1)C[C@H]1CC[C@@H](C2)[C@H]1NS(=O)(=O)c1ccc(Cl)s1)c1ccc(C(F)(F)F)cc1,1000.0,active
CHEMBL3692696,O=C(Cc1ccc(C(F)(F)F)cc1)Nc1ccc2c(c1)C[C@H]1CC[C@@H](C2)[C@H]1NS(=O)(=O)c1ccc(Cl)s1,800.0,active
CHEMBL3692697,O=C(CCc1cc(C(F)(F)F)ccc1C(F)(F)F)Nc1ccc2c(c1)C[C@H]1CC[C@@H](C2)[C@H]1NS(=O)(=O)c1ccc(Cl)s1,630000.0,inactive
CHEMBL3692698,O=C(CCOc1ccc(F)cc1)Nc1ccc2c(c1)C[C@H]1CC[C@@H](C2)[C@H]1NS(=O)(=O)c1ccc(Cl)s1,20000.0,inactive
CHEMBL3692699,O=C(/C=C/c1ccc(F)cc1)Nc1ccc2c(c1)C[C@H]1CC[C@@H](C2)[C@H]1NS(=O)(=O)c1ccc(Cl)s1,84000.0,inactive
CHEMBL3692700,O=C(/C=C/c1ccc(C(F)(F)F)cc1)Nc1ccc2c(c1)C[C@H]1CC[C@@H](C2)[C@H]1NS(=O)(=O)c1ccc(Cl)s1,200000.0,inactive
CHEMBL3692701,CN1C(=O)[C@@H](NCC(=O)Nc2ccc3c(c2)C[C@H]2CC[C@@H](C3)[C@H]2NS(=O)(=O)c2ccc(Cl)s2)N=C(c2ccccc2)c2ccccc21,800000.0,inactive
CHEMBL4111029,CCOc1cnc(C(=O)Nc2ccc(F)c([C@@]3(C)N=C(N)OCC3(F)F)n2)c(N)n1,840.0,active
CHEMBL4114267,Cc1cc(C#N)cnc1C(=O)Nc1ccc(F)c([C@@]2(C)N=C(N)OCC2(F)F)n1,7.0,active
CHEMBL2386720,C[C@]1(c2nc(NC(=O)c3ncc(C#N)cc3Cl)ccc2F)N=C(N)OCC1(F)F,8.0,active
CHEMBL2386721,CC1(C)OC(N)=N[C@](C)(c2nc(NC(=O)c3ncc(C#N)cc3Cl)ccc2F)C1(F)F,7.0,active
CHEMBL2386722,COCC[C@]1(c2nc(NC(=O)c3ncc(C#N)cc3C)ccc2F)N=C(N)OCC1(F)F,49.0,active
CHEMBL3902027,COCC[C@@]1(c2nc(NC(=O)c3ncc(C#N)cc3C)ccc2F)N=C(N)OCC1(F)F,10000.0,inactive
CHEMBL4108431,COCC[C@]1(c2nc(NC(=O)c3ncc(C(F)(F)F)cc3Cl)ccc2F)N=C(N)OCC1(F)F,380.0,active
CHEMBL2386723,C[C@]1(c2nc(NC(=O)c3ncc(C(F)(F)F)cc3Cl)ccc2F)N=C(N)OCC1(F)F,27.0,active
CHEMBL4110279,C[C@]1(c2nc(NC(=O)c3ncc(C(F)(F)F)nc3N)ccc2F)N=C(N)OCC1(F)F,140.0,active
CHEMBL2386724,C[C@]1(c2nc(NC(=O)c3ncc(Cl)cc3Cl)ccc2F)N=C(N)OCC1(F)F,12.0,active
CHEMBL4108635,C[C@]1(c2nc(NC(=O)c3ncc(OCC(F)(F)F)nc3N)ccc2F)N=C(N)OCC1(F)F,600.0,active
CHEMBL2386725,C[C@]1(c2nc(NC(=O)c3ncc(OCC(F)F)nc3N)ccc2F)N=C(N)OCC1(F)F,440.0,active
CHEMBL4114995,C[C@]1(c2nc(NC(=O)c3ncc(OCCCF)nc3N)ccc2F)N=C(N)OCC1(F)F,310.0,active
CHEMBL4111654,COc1cnc(C(=O)Nc2ccc(F)c([C@@]3(C)N=C(N)OCC3(F)F)n2)c(C)c1,82.0,active
CHEMBL4110143,COCC#Cc1cnc(C(=O)Nc2ccc(F)c([C@@]3(C)N=C(N)OCC3(F)F)n2)c(N)c1,540.0,active
CHEMBL4110172,C[C@]1(c2nc(NC(=O)c3ncc(OCF)nc3N)ccc2F)N=C(N)OCC1(F)F,30.0,active
CHEMBL4107314,C[C@]1(c2nc(NC(=O)c3ncc(C#CCO)cc3N)ccc2F)N=C(N)OCC1(F)F,62.0,active
CHEMBL4109969,C[C@]1(c2nc(NC(=O)c3ncc(F)cc3N)ccc2F)N=C(N)OCC1(F)F,88.0,active
CHEMBL4115329,C[C@]1(c2nc(NC(=O)c3ncc(Cl)cc3N)ccc2F)N=C(N)OCC1(F)F,45.0,active
CHEMBL4106556,C[C@]1(c2nc(NC(=O)c3ncccc3Cl)ccc2F)N=C(N)OCC1(F)F,88.0,active
CHEMBL4107875,COCC#Cc1cnc(C(=O)Nc2ccc(F)c([C@@]3(C)N=C(N)OCC3(F)F)n2)c(Cl)c1,81.0,active
CHEMBL4112705,C[C@]1(c2nc(NC(=O)c3ncc(C(F)F)nc3N)ccc2F)N=C(N)OCC1(F)F,60.0,active
CHEMBL4114553,C[C@]1(c2nc(NC(=O)c3ncc(OCCCl)nc3N)ccc2F)N=C(N)OCC1(F)F,2900.0,intermediate
CHEMBL4115141,C[C@]1(c2nc(NC(=O)c3ncc(OCC(F)F)cc3Cl)ccc2F)N=C(N)OCC1(F)F,250.0,active
CHEMBL4108335,C[C@]1(c2nc(NC(=O)c3ncc(OCCF)nc3N)ccc2F)N=C(N)OCC1(F)F,480.0,active
CHEMBL4111699,C[C@]1(c2nc(NC(=O)c3ncc(OCF)cc3Cl)ccc2F)N=C(N)OCC1(F)F,57.0,active
CHEMBL4109860,CCOc1cnc(C(=O)Nc2ccc(F)c([C@@]3(C)N=C(N)OCC3(F)F)n2)c(Cl)c1,450.0,active
CHEMBL4110497,COCCc1cnc(C(=O)Nc2ccc(F)c([C@@]3(C)N=C(N)OCC3(F)F)n2)c(N)n1,70.0,active
CHEMBL2386726,C[C@]1(c2nc(NC(=O)c3nn(C(F)F)cc3Cl)ccc2F)N=C(N)OCC1(F)F,13.0,active
CHEMBL4110655,C[C@]1(c2nc(NC(=O)c3nccnc3N)ccc2F)N=C(N)OCC1(F)F,180.0,active
CHEMBL4113786,C[C@]1(c2nc(NC(=O)c3ncc(C#CCO)cc3Cl)ccc2F)N=C(N)OCC1(F)F,19.0,active
CHEMBL4112589,C[C@]1(c2nc(NC(=O)c3ncc(C(F)F)cc3N)ccc2F)N=C(N)OCC1(F)F,66.0,active
CHEMBL4108644,CC(F)(F)c1nc(N)c(C(=O)Nc2ccc(F)c([C@@]3(C)N=C(N)OCC3(F)F)n2)nc1Cl,6500.0,intermediate
CHEMBL2386719,C[C@]1(c2nc(NC(=O)c3ccc(C#N)cn3)ccc2F)N=C(N)OCC1(F)F,14.0,active
CHEMBL4111183,CC(F)(F)c1cnc(C(=O)Nc2ccc(F)c([C@@]3(C)N=C(N)OCC3(F)F)n2)c(Cl)c1,58.0,active
CHEMBL4111103,CC(F)(F)c1cnc(C(=O)Nc2ccc(F)c([C@@]3(C)N=C(N)OCC3(F)F)n2)c(N)n1,310.0,active
CHEMBL3943313,O=S(=O)(CC[C@@H]1OCC[C@@]2(S(=O)(=O)c3ccc(Cl)cc3)c3c(F)ccc(F)c3OCC12)CCn1cccn1,1.4,active
CHEMBL3934479,O=S(=O)(CC[C@@H]1OCC[C@@]2(S(=O)(=O)c3ccc(Cl)cc3)c3c(F)ccc(F)c3OCC12)Cc1ccccn1,1.9,active
CHEMBL3961972,O=S(=O)(CC[C@@H]1OCC[C@@]2(S(=O)(=O)c3ccc(Cl)cc3)c3c(F)ccc(F)c3OCC12)Cc1cccnc1,6.6,active
CHEMBL3956918,O=S(=O)(CC[C@@H]1OCC[C@@]2(S(=O)(=O)c3ccc(Cl)cc3)c3c(F)ccc(F)c3OCC12)Cc1ncon1,1.7,active
CHEMBL3957316,Cc1nc(CS(=O)(=O)CC[C@@H]2OCC[C@@]3(S(=O)(=O)c4ccc(Cl)cc4)c4c(F)ccc(F)c4OCC23)no1,5.8,active
CHEMBL3971184,O=c1ccc(S(=O)(=O)CC[C@@H]2OCC[C@@]3(S(=O)(=O)c4ccc(Cl)cc4)c4c(F)ccc(F)c4OCC23)c[nH]1,18.7,active
CHEMBL3948649,O=S(=O)(CC[C@@H]1OCC[C@@]2(S(=O)(=O)c3ccc(Cl)cc3)c3c(F)ccc(F)c3OCC12)c1cccnn1,4.5,active
CHEMBL3904071,O=S(=O)(CC[C@@H]1OCC[C@@]2(S(=O)(=O)c3ccc(Cl)cc3)c3c(F)ccc(F)c3OCC12)c1cnccn1,5.5,active
CHEMBL3935559,O=S(=O)(CC[C@@H]1OCC[C@@]2(S(=O)(=O)c3ccc(Cl)cc3)c3c(F)ccc(F)c3OCC12)c1ccnnc1,10.2,active
CHEMBL3928118,O=S(=O)(CC[C@@H]1OCC[C@@]2(S(=O)(=O)c3ccc(Cl)cc3)c3c(F)ccc(F)c3OCC12)c1ncccn1,6.4,active
CHEMBL3900140,O=S(=O)(CC[C@@H]1OCC[C@@]2(S(=O)(=O)c3ccc(Cl)cc3)c3c(F)ccc(F)c3OCC12)c1ccncn1,2.9,active
CHEMBL3909054,O=S(=O)(CC[C@@H]1OCC[C@@]2(S(=O)(=O)c3ccc(Cl)cc3)c3c(F)ccc(F)c3OCC12)c1cncnc1,12.9,active
CHEMBL3905561,COc1ccc(S(=O)(=O)CC[C@@H]2OCC[C@@]3(S(=O)(=O)c4ccc(Cl)cc4)c4c(F)ccc(F)c4OCC23)cn1,16.5,active
CHEMBL3941787,O=c1[nH]cccc1S(=O)(=O)CC[C@@H]1OCC[C@@]2(S(=O)(=O)c3ccc(Cl)cc3)c3c(F)ccc(F)c3OCC12,2.8,active
CHEMBL3984227,Nc1ncccc1S(=O)(=O)CC[C@@H]1OCC[C@@]2(S(=O)(=O)c3ccc(Cl)cc3)c3c(F)ccc(F)c3OCC12,18.0,active
CHEMBL3629737,CC1(C)OCC2(CCC[C@@]3(S(=O)(=O)c4ccc(Cl)cc4)c4c(F)ccc(F)c4OC[C@@H]23)CO1,66.6,active
CHEMBL3629739,O=S(=O)(c1ccc(Cl)cc1)[C@@]12CCCC3(COC3)[C@@H]1COc1c(F)ccc(F)c12,10.1,active
CHEMBL3629738,O=S(=O)(c1ccc(Cl)cc1)[C@@]12CCC[C@]3(CCOC3)[C@@H]1COc1c(F)ccc(F)c12,13.9,active
CHEMBL3629740,O=C1OCC[C@]12CCC[C@@]1(S(=O)(=O)c3ccc(Cl)cc3)c3c(F)ccc(F)c3OC[C@@H]21,228.0,active
CHEMBL3629742,O=S(=O)(c1ccc(Cl)cc1)[C@@]12CCCC3(CCSCC3)[C@@H]1COc1c(F)ccc(F)c12,26.4,active
CHEMBL3629741,O=S1(=O)CCC2(CCC[C@@]3(S(=O)(=O)c4ccc(Cl)cc4)c4c(F)ccc(F)c4OC[C@@H]23)CC1,57.7,active
CHEMBL3629743,O=S(=O)(N1CC[C@]2(CCC[C@@]3(S(=O)(=O)c4ccc(Cl)cc4)c4c(F)ccc(F)c4OC[C@@H]23)C1)C(F)(F)F,23.3,active
CHEMBL3899794,C[P@]1(=O)OC[C@]2(CCC[C@@]3(S(=O)(=O)c4ccc(Cl)cc4)c4c(F)ccc(F)c4OC[C@@H]23)CO1,9.5,active
CHEMBL3936795,C[P@]1(=O)OC[C@@]2(CCC[C@@]3(S(=O)(=O)c4ccc(Cl)cc4)c4c(F)ccc(F)c4OC[C@@H]23)CO1,421.0,active
CHEMBL3905228,C[P@]1(=O)OC[C@@]2(CCC[C@@]3(S(=O)(=O)c4ccc(C(F)(F)F)cc4)c4c(F)ccc(F)c4OC[C@@H]23)CO1,397.0,active
CHEMBL3942223,C[P@]1(=O)OC[C@]2(CCC[C@@]3(S(=O)(=O)c4ccc(C(F)(F)F)cc4)c4c(F)ccc(F)c4OC[C@@H]23)CO1,79.0,active
CHEMBL3629745,CP1(=O)OCC[C@]2(CCC[C@@]3(S(=O)(=O)c4ccc(Cl)cc4)c4c(F)ccc(F)c4OC[C@@H]23)CO1,5.4,active
CHEMBL4059796,O=c1cc(/C=C/c2cccc(F)c2)[nH]cc1O,18970.0,inactive
CHEMBL4077009,Cn1cc(O)c(=O)cc1/C=C/c1cccc(F)c1,19440.0,inactive
CHEMBL4092433,CN(C)c1ccc(/C=C/c2cc(=O)c(O)c[nH]2)cc1,29220.0,inactive
CHEMBL4074429,CCOc1ccc(/C=C/c2cc(=O)c(O)c[nH]2)cc1,23390.0,inactive
CHEMBL4097746,CCOc1ccc(/C=C/c2cc(=O)c(O)cn2C)cc1,8940.0,intermediate
CHEMBL4070599,COc1ccccc1/C=C/c1cc(=O)c(O)c[nH]1,16500.0,inactive
CHEMBL4086825,COc1ccccc1/C=C/c1cc(=O)c(O)cn1C,12480.0,inactive
CHEMBL4074006,O=c1cc(/C=C/c2ccc(O)cc2)[nH]cc1O,10720.0,inactive
CHEMBL4068105,Cn1cc(O)c(=O)cc1/C=C/c1ccc(O)cc1,15380.0,inactive
CHEMBL4095488,O=c1cc(/C=C/c2ccccc2O)[nH]cc1O,21760.0,inactive
CHEMBL4069995,c1cc2ncc(Nc3ccc4cc[nH]c4n3)cc2[nH]1,23800.0,inactive
CHEMBL4072261,N#Cc1c[nH]c2nc(Nc3ccc4c(C5CCNCC5)c[nH]c4c3)ccc12,17800.0,inactive
CHEMBL4066527,c1cc2c(C3CCNCC3)c[nH]c2cc1Nc1ccc2[nH]cc(C3CCNCC3)c2c1,26600.0,inactive
CHEMBL4104210,c1cc2c(C3CCNCC3)c[nH]c2cc1Nc1ccc2c(C3CCNCC3)c[nH]c2n1,25600.0,inactive
CHEMBL4096474,CN1CCC(c2c[nH]c3cc(Nc4ccc5[nH]cc(C6CCN(C)CC6)c5c4)ccc23)CC1,15300.0,inactive
CHEMBL4088780,Fc1ccc(Nc2ccc3c(C4CCNCC4)c[nH]c3c2)cc1F,24000.0,inactive
CHEMBL4098927,Fc1ccc(Nc2ccc3c(C4CCNCC4)c[nH]c3n2)cc1F,30000.0,inactive
CHEMBL4104620,FC(F)(F)c1ccc(Nc2ccc3c(C4CCNCC4)c[nH]c3c2)cn1,24000.0,inactive
CHEMBL4063009,CN1CCC(c2c[nH]c3cc(Nc4ccc(F)c(F)c4)ccc23)CC1,48000.0,inactive
CHEMBL4084675,COc1ccc(Nc2ccc3c(C4CCN(C)CC4)c[nH]c3c2)cc1OC,25000.0,inactive
CHEMBL4101130,Cn1cc(C2CCNCC2)c2ccc(Nc3ccc(F)c(F)c3)cc21,42000.0,inactive
CHEMBL118193,Clc1nc(NCc2ccccc2)c2ccccc2n1,16700.0,inactive
CHEMBL4087140,COc1ccc(CCNc2nc(Cl)nc3ccccc23)cc1OC,8200.0,intermediate
CHEMBL4065718,Clc1nc(NCCc2ccccc2)c2ccccc2n1,5000.0,intermediate
CHEMBL4070983,COc1ccc(CNc2nc(NC3CCN(Cc4ccccc4)CC3)nc3ccccc23)cc1OC,2300.0,intermediate
CHEMBL4092601,COc1ccc(CCNc2ncnc3ccccc23)cc1OC,12000.0,inactive
CHEMBL117804,c1ccc(CCNc2ncnc3ccccc23)cc1,11900.0,inactive
CHEMBL4089722,COc1ccc(CNc2nc(N=[N+]=[N-])nc3ccccc23)cc1OC,7200.0,intermediate
CHEMBL4079415,[N-]=[N+]=Nc1nc(NCc2ccccc2)c2ccccc2n1,2600.0,intermediate
CHEMBL4097449,COc1ccc(CNc2nc(N)nc3ccccc23)cc1OC,8400.0,intermediate
CHEMBL4071318,COc1ccc(CCNc2nc(N)nc3ccccc23)cc1OC,2700.0,intermediate
CHEMBL4081859,COc1ccc(CNc2nc(O)nc3ccccc23)cc1OC,7800.0,intermediate
CHEMBL4082825,Oc1nc(NCc2ccccc2)c2ccccc2n1,270.0,active
CHEMBL4100806,COc1ccc(CCNc2nc(O)nc3ccccc23)cc1OC,10400.0,inactive
CHEMBL4096595,Oc1nc(NCCc2ccccc2)c2ccccc2n1,11200.0,inactive
CHEMBL4060687,COc1ccc(CNc2nc(NC(N)=O)nc3ccccc23)cc1OC,8300.0,intermediate
CHEMBL4081013,NC(=O)Nc1nc(NCc2ccccc2)c2ccccc2n1,13300.0,inactive
CHEMBL4099046,COc1ccc(CCNc2nc(NC(N)=O)nc3ccccc23)cc1OC,14400.0,inactive
CHEMBL4070380,NC(=O)Nc1nc(NCCc2ccccc2)c2ccccc2n1,1000.0,active
CHEMBL4091317,COc1ccc(CNc2nc(NC(C)=O)nc3ccccc23)cc1OC,3100.0,intermediate
CHEMBL4061746,CC(=O)Nc1nc(NCc2ccccc2)c2ccccc2n1,1900.0,intermediate
CHEMBL4083524,CCCNc1nc(NCc2ccc(OC)c(OC)c2)c2ccccc2n1,1700.0,intermediate
CHEMBL4097374,COc1ccc(CNc2nc(NC3CC3)nc3ccccc23)cc1OC,8300.0,intermediate
CHEMBL4079345,CCNc1nc(NCc2ccccc2)c2ccccc2n1,7000.0,intermediate
CHEMBL4105088,CCCNc1nc(NCc2ccccc2)c2ccccc2n1,5000.0,intermediate
CHEMBL3262251,CC(C)Nc1nc(NCc2ccccc2)c2ccccc2n1,4400.0,intermediate
CHEMBL4067481,c1ccc(CNc2nc(NC3CC3)nc3ccccc23)cc1,5700.0,intermediate
CHEMBL4094911,CNc1nc(NCCc2ccc(OC)c(OC)c2)c2ccccc2n1,6600.0,intermediate
CHEMBL4078382,CCNc1nc(NCCc2ccc(OC)c(OC)c2)c2ccccc2n1,2900.0,intermediate
CHEMBL4102655,CCCNc1nc(NCCc2ccc(OC)c(OC)c2)c2ccccc2n1,4300.0,intermediate
CHEMBL4086248,COc1ccc(CCNc2nc(NC3CC3)nc3ccccc23)cc1OC,4900.0,intermediate
CHEMBL4064773,CNc1nc(NCCc2ccccc2)c2ccccc2n1,2000.0,intermediate
CHEMBL4061837,CCNc1nc(NCCc2ccccc2)c2ccccc2n1,1400.0,intermediate
CHEMBL4083601,CCCNc1nc(NCCc2ccccc2)c2ccccc2n1,4400.0,intermediate
CHEMBL4070462,CC(C)Nc1nc(NCCc2ccccc2)c2ccccc2n1,3800.0,intermediate
CHEMBL4091385,c1ccc(CCNc2nc(NC3CC3)nc3ccccc23)cc1,790.0,active
CHEMBL3348861,O=C1c2c(O)cc(O)cc2O[C@H](c2cc(O)c(O)c(O)c2)[C@H]1O,12800.0,inactive
CHEMBL9323,O=C1c2c(O)cc(O)cc2O[C@H](c2ccc(O)cc2)[C@H]1O,500000.0,inactive
CHEMBL28,O=c1cc(-c2ccc(O)cc2)oc2cc(O)cc(O)c12,176200.0,inactive
CHEMBL241190,O=C(/C=C/c1ccc(O)c(O)c1)N[C@@H](Cc1ccc(O)c(O)c1)C(=O)O,5700.0,intermediate
CHEMBL4127947,O=C(/C=C/c1ccc(O)cc1)N[C@@H](Cc1ccc(O)c(O)c1)C(=O)O,100000.0,inactive
CHEMBL4126558,O=C(/C=C/c1ccccc1)N[C@@H](Cc1ccc(O)c(O)c1)C(=O)O,22700.0,inactive
CHEMBL4126715,O=C(/C=C/c1ccc(O)c(O)c1)N[C@@H](Cc1ccc(O)cc1)C(=O)O,87800.0,inactive
CHEMBL4129983,O=C(/C=C/c1ccc(O)cc1)N[C@@H](Cc1ccc(O)cc1)C(=O)O,100000.0,inactive
CHEMBL4125745,O=C(/C=C/c1ccccc1)N[C@@H](Cc1ccc(O)cc1)C(=O)O,100000.0,inactive
CHEMBL2392127,O=C(/C=C/c1ccc(O)c(O)c1)N[C@@H](Cc1ccccc1)C(=O)O,72900.0,inactive
CHEMBL4129190,O=C(/C=C/c1ccc(O)cc1)N[C@@H](Cc1ccccc1)C(=O)O,100000.0,inactive
CHEMBL3276007,O=C(/C=C/c1ccccc1)N[C@@H](Cc1ccccc1)C(=O)O,100000.0,inactive
CHEMBL2296789,COC(=O)[C@H](Cc1ccc(O)c(O)c1)NC(=O)/C=C/c1ccc(O)c(O)c1,4900.0,intermediate
CHEMBL115421,O=C(/C=C/c1ccc(O)c(O)c1)N[C@H](Cc1ccc(O)c(O)c1)C(=O)O,1600.0,intermediate
CHEMBL4126073,COC(=O)[C@H](Cc1ccc(OC)c(OC)c1)NC(=O)/C=C/c1ccc(OC)c(OC)c1,100000.0,inactive
CHEMBL4127090,O=C(CCc1ccc(O)c(O)c1)N[C@@H](Cc1ccc(O)c(O)c1)C(=O)O,8700.0,intermediate
CHEMBL181529,COc1cc(/C=C/c2cc(/C=C/c3ccc(O)c(OC)c3)on2)ccc1O,138.0,active
CHEMBL4166095,O=C(/C=C/c1ccc(O)c(O)c1)c1cccnc1,9000.0,intermediate
CHEMBL32749,COc1cc(/C=C/C(=O)O)ccc1O,100000.0,inactive
CHEMBL98521,O=C(O)/C=C/c1cccc(O)c1,100000.0,inactive
CHEMBL32823,c1ccc2c(NCCCCCCCNc3c4c(nc5ccccc35)CCCC4)c3c(nc2c1)CCCC3,8400.0,intermediate
CHEMBL4175715,C=CCOC(=S)/C=C/c1ccc(O)c(O)c1,12500.0,inactive
CHEMBL4176742,Cc1cc(N2CCN(c3nc(Cl)nc(Nc4cccc(C(F)(F)F)c4)n3)CC2)n2ncnc2n1,10430.0,inactive
CHEMBL4172159,COc1ccc(Nc2nc(Cl)nc(N3CCN(c4cc(C)nc5ncnn45)CC3)n2)cc1,11550.0,inactive
CHEMBL4161552,Cc1cc(N2CCN(c3nc(Cl)nc(Nc4ccc(F)cc4)n3)CC2)n2ncnc2n1,15890.0,inactive
CHEMBL4168812,Cc1cc(N2CCN(c3nc(Cl)nc(Nc4ccccc4F)n3)CC2)n2ncnc2n1,13400.0,inactive
CHEMBL4173299,Cc1cc(N2CCN(c3nc(Nc4cccc(C(F)(F)F)c4)nc(Nc4ccc(F)c(Cl)c4)n3)CC2)n2ncnc2n1,16290.0,inactive
CHEMBL4161947,Cc1cc(N2CCN(c3nc(Nc4ccc(F)cc4)nc(Nc4cccc(C(F)(F)F)c4)n3)CC2)n2ncnc2n1,18310.0,inactive
CHEMBL4169871,Cc1ccc(Nc2nc(Nc3ccc(F)c(Cl)c3)nc(N3CCN(c4cc(C)nc5ncnn45)CC3)n2)cc1,25000.0,inactive
CHEMBL4167322,FC(F)(F)c1cccc(Nc2nc(NC3CC3)nc(N3CCNCC3)n2)c1,23540.0,inactive
CHEMBL4175196,Fc1ccc(Nc2nc(Cl)nc(Nc3cccc(C(F)(F)F)c3)n2)c(F)c1,17850.0,inactive
CHEMBL4170265,Fc1ccc(Nc2nc(Cl)nc(Nc3cccc(C(F)(F)F)c3)n2)cc1,18550.0,inactive
CHEMBL4162346,Cc1ccc(Nc2nc(Cl)nc(Nc3cccc(C(F)(F)F)c3)n2)cc1,20720.0,inactive
CHEMBL4166865,COc1ccc(Nc2nc(Cl)nc(Nc3cccc(C(F)(F)F)c3)n2)cc1,17600.0,inactive
CHEMBL4163412,Cc1ccc(Nc2nc(Cl)nc(Nc3ccc(F)c(Cl)c3)n2)cc1,18050.0,inactive
CHEMBL4174114,COc1ccc(Nc2nc(Cl)nc(Nc3ccc(F)c(Cl)c3)n2)cc1,23800.0,inactive
CHEMBL4176559,COc1ccc(Cn2cc(CNC(=O)[C@@H](C)CC[C@H]3O[C@H]4C[C@H]5[C@@H]6CC[C@@H]7C[C@@H](OCc8ccccc8)CC[C@]7(C)[C@H]6CC[C@]5(C)[C@H]4[C@@H]3C)nn2)cc1,5840.0,intermediate
CHEMBL4161849,C[C@@H](CC[C@H]1O[C@H]2C[C@H]3[C@@H]4CC[C@@H]5C[C@@H](OCc6ccccc6)CC[C@]5(C)[C@H]4CC[C@]3(C)[C@H]2[C@@H]1C)C(=O)NCc1cn(Cc2cscn2)nn1,8280.0,intermediate
CHEMBL1171146,C[C@H]1CC[C@@]2(OC1)O[C@H]1C[C@H]3[C@@H]4CC[C@@H]5C[C@@H](O)CC[C@]5(C)[C@H]4CC[C@]3(C)[C@H]1[C@@H]2C,100000.0,inactive
CHEMBL4217978,COc1cc(/C=C/C(=O)Oc2cc(O)c3c(c2)O[C@H](c2ccc4c(c2)O[C@@H](c2ccc(O)c(OC)c2)[C@H](CO)O4)[C@@H](O)C3=O)ccc1O,43600.0,inactive
CHEMBL4207221,COc1cc(/C=C/C(=O)Oc2cc(O)c3c(c2)O[C@H](c2ccc4c(c2)O[C@H](c2ccc(O)c(OC)c2)[C@@H](CO)O4)[C@@H](O)C3=O)ccc1O,85500.0,inactive
CHEMBL76,CCN(CC)CCCC(C)Nc1ccnc2cc(Cl)ccc12,7000.0,intermediate
CHEMBL682,CCN(CC)Cc1cc(Nc2ccnc3cc(Cl)ccc23)ccc1O,4000.0,intermediate
CHEMBL138623,CCN(CC)Cc1cccc(Nc2ccnc3cc(Cl)ccc23)c1,4500.0,intermediate
CHEMBL317760,CCN(CC)Cc1cc(NC(=O)CN2CCCCC2)cc(Nc2ccnc3cc(Cl)ccc23)c1,1500.0,intermediate
CHEMBL451753,CCN(CC)Cc1cc(NCCN2CCCCC2)cc(Nc2ccnc3cc(Cl)ccc23)c1,10000.0,inactive
CHEMBL94521,O=C(CN1CCCCC1)Nc1cc(CN2CCOCC2)cc(Nc2ccnc3cc(Cl)ccc23)c1,3100.0,intermediate
CHEMBL4227472,Clc1ccc2c(Nc3cc(CN4CCOCC4)cc(NCCN4CCCCC4)c3)ccnc2c1,2500.0,intermediate
CHEMBL97247,CN(C)CCN(C)Cc1cc(NC(=O)CN2CCCCC2)cc(Nc2ccnc3cc(Cl)ccc23)c1,1700.0,intermediate
CHEMBL319756,CN(C)CCNCc1cc(NC(=O)CN2CCCCC2)cc(Nc2ccnc3cc(Cl)ccc23)c1,2000.0,intermediate
CHEMBL167970,Oc1c(CN2CCCC2)cc(Nc2ccnc3cc(Cl)ccc23)cc1CN1CCCC1,5100.0,intermediate
CHEMBL4226945,CN1CCN(c2cc(Nc3ccnc4cc(Cl)ccc34)cc(N3CCN(C)CC3)c2)CC1,2300.0,intermediate
CHEMBL4226951,O=C(NCCN1CCCCC1)c1cc(Nc2ccccc2CN2CCCCC2)cc(C(=O)NCCN2CCCCC2)c1,4100.0,intermediate
CHEMBL4226684,O=C(NCCN1CCCCC1)c1cc(Nc2ccccc2CN2CCOCC2)cc(C(=O)NCCN2CCCCC2)c1,10000.0,inactive
CHEMBL4225384,CN1CCN(Cc2ccccc2Nc2cc(C(=O)NCCN3CCCCC3)cc(C(=O)NCCN3CCCCC3)c2)CC1,10000.0,inactive
CHEMBL4225842,CN(C)Cc1ccccc1Nc1cc(C(=O)NCCN2CCCCC2)cc(C(=O)NCCN2CCCCC2)c1,8200.0,intermediate
CHEMBL4226025,c1ccc(Nc2cc(CNCCN3CCCCC3)cc(CNCCN3CCCCC3)c2)c(CN2CCCCC2)c1,4600.0,intermediate
CHEMBL4225563,c1ccc(Nc2cc(CNCCN3CCCCC3)cc(CNCCN3CCCCC3)c2)c(CN2CCOCC2)c1,6600.0,intermediate
CHEMBL4226959,CN1CCN(Cc2ccccc2Nc2cc(CNCCN3CCCCC3)cc(CNCCN3CCCCC3)c2)CC1,10000.0,inactive
CHEMBL4226332,CN(C)Cc1ccccc1Nc1cc(CNCCN2CCCCC2)cc(CNCCN2CCCCC2)c1,10000.0,inactive
CHEMBL4228998,O=C(NCCN1CCCCC1)c1cc(C(=O)NCCN2CCCCC2)cc(-c2ccccc2CN2CCCCC2)c1,6200.0,intermediate
CHEMBL4226906,O=C(NCCN1CCCCC1)c1cc(C(=O)NCCN2CCCCC2)cc(-c2ccccc2CN2CCOCC2)c1,10000.0,inactive
CHEMBL4226598,CN1CCN(Cc2ccccc2-c2cc(C(=O)NCCN3CCCCC3)cc(C(=O)NCCN3CCCCC3)c2)CC1,10000.0,inactive
CHEMBL4226641,CN(C)Cc1ccccc1-c1cc(C(=O)NCCN2CCCCC2)cc(C(=O)NCCN2CCCCC2)c1,10000.0,inactive
CHEMBL4227708,c1ccc(-c2cc(CNCCN3CCCCC3)cc(CNCCN3CCCCC3)c2)c(CN2CCCCC2)c1,10000.0,inactive
CHEMBL4227244,c1ccc(-c2cc(CNCCN3CCCCC3)cc(CNCCN3CCCCC3)c2)c(CN2CCOCC2)c1,10000.0,inactive
CHEMBL4226530,CN1CCN(Cc2ccccc2-c2cc(CNCCN3CCCCC3)cc(CNCCN3CCCCC3)c2)CC1,10000.0,inactive
CHEMBL4227963,CN(C)Cc1ccccc1-c1cc(CNCCN2CCCCC2)cc(CNCCN2CCCCC2)c1,10000.0,inactive
CHEMBL4228823,O=C(/C=C/c1ccccc1)N1CCN(Cc2ccc(O)c3ncccc23)CC1,8860.0,intermediate
CHEMBL4226059,COc1ccc(/C=C/C(=O)N2CCN(Cc3ccc(O)c4ncccc34)CC2)cc1OC,18940.0,inactive
CHEMBL4227890,O=C(/C=C/c1ccc(F)cc1)N1CCN(Cc2ccc(O)c3ncccc23)CC1,11440.0,inactive
CHEMBL4227615,O=C(/C=C/c1ccc(F)cc1F)N1CCN(Cc2ccc(O)c3ncccc23)CC1,5050.0,intermediate
CHEMBL4226505,N#Cc1ccc(/C=C/C(=O)N2CCN(Cc3ccc(O)c4ncccc34)CC2)cc1,16810.0,inactive
CHEMBL4227357,O=C(/C=C/c1ccccc1Cl)N1CCN(Cc2ccc(O)c3ncccc23)CC1,7350.0,intermediate
CHEMBL4228027,Cc1ccccc1/C=C/C(=O)N1CCN(Cc2ccc(O)c3ncccc23)CC1,17330.0,inactive
CHEMBL4225226,O=C(/C=C/c1ccc(Cl)cc1)N1CCN(Cc2ccc(O)c3ncccc23)CC1,22550.0,inactive
CHEMBL4225986,O=C(CCc1ccccc1)N1CCN(Cc2ccc(O)c3ncccc23)CC1,19740.0,inactive
CHEMBL4226827,O=C(CCc1ccccc1Cl)N1CCN(Cc2ccc(O)c3ncccc23)CC1,5640.0,intermediate
CHEMBL4226831,COc1ccc(CCC(=O)N2CCN(Cc3ccc(O)c4ncccc34)CC2)cc1,18280.0,inactive
CHEMBL4225989,O=C(CCc1ccc(F)cc1)N1CCN(Cc2ccc(O)c3ncccc23)CC1,20610.0,inactive
CHEMBL194823,O=C(CCCCC1CCSS1)NCCCNc1c2c(nc3cc(Cl)ccc13)CCCC2,45000.0,inactive
CHEMBL4282190,O=c1cc(/C=C/c2cccc(F)c2)occ1O,17680.0,inactive
CHEMBL4294375,CN(C)c1ccc(/C=C/c2cc(=O)c(O)co2)cc1,5920.0,intermediate
CHEMBL4286002,COc1ccccc1/C=C/c1cc(=O)c(O)co1,7930.0,intermediate
CHEMBL4287929,O=c1cc(/C=C/c2ccc(O)cc2)occ1O,7200.0,intermediate
CHEMBL4284208,O=c1cc(/C=C/c2ccccc2O)occ1O,8290.0,intermediate
CHEMBL4294830,O=c1cc(/C=C/c2cc(O)cc(O)c2)occ1O,17950.0,inactive
CHEMBL197478,O=C(/C=C/c1ccc(O)c(O)c1)NCCCNC(=O)/C=C/c1ccc(O)c(O)c1,4200.0,intermediate
CHEMBL289556,O=C(N[C@H]1CCS[C@H]2CCC[C@@H](C(=O)O)N2C1=O)[C@@H](S)Cc1ccccc1,199.53,active
CHEMBL4435800,CCOc1nc(CC)c(CNC(=O)[C@@H](S)CC(C)C)n1Cc1ccc(-c2ccccc2C(=O)O)cc1F,10000.0,inactive
CHEMBL4462662,CCN(CC)CCCOc1ccc(-n2ccc(=O)c(O)c2C)cc1,17230.0,inactive
CHEMBL4465480,CCN(CC)CCCCC(C)Nc1c2ccccc2nc2c(C(=O)NCCCO/N=C/C(=O)NCCCC[C@@H]3NC(=O)CNC(=O)[C@@H]4CCCN4C(=O)[C@H](CCCCN)NC(=O)[C@@H]4CCCN4C(=O)[C@H](CCCCN)NC(=O)CNC(=O)[C@@H]4CCCN4C(=O)[C@H](CCCCN)NC(=O)[C@@H]4CCCN4C3=O)cccc12,2000.0,intermediate
CHEMBL4438040,Cl.O=c1c2c(F)cccc2[se]n1-c1cc(Cl)c(O)c2ncccc12,9600.0,intermediate
CHEMBL4475538,CN1c2ccccc2Sc2cc(/C=C3/SC(=S)N(CC(=O)OCC4COC(C)(C)O4)C3=O)ccc21,60.0,active
CHEMBL4522050,CCOC(=O)C(Cc1cn(-c2ccccc2C(F)(F)F)nn1)(Cc1cn(-c2ccccc2C(F)(F)F)nn1)NC(C)=O,8065.0,intermediate
CHEMBL4568384,CCOc1cc(CNc2ccc(OC)cc2)ccc1Oc1ccnc2cc(Cl)ccc12,46420.0,inactive
CHEMBL4439214,CCOc1cc(CNc2ccccc2)ccc1Oc1ccnc2cc(Cl)ccc12,44520.0,inactive
CHEMBL4588767,OB1Oc2ccc3ccccc3c2C=C1c1cc(O)cc(O)c1,12600.0,inactive
CHEMBL4552863,OB1Oc2ccc3cc(O)ccc3c2C=C1c1cc(O)cc(O)c1,8900.0,intermediate
CHEMBL4455417,OB1Oc2ccc3ccc(O)cc3c2C=C1c1cc(O)cc(O)c1,4900.0,intermediate
CHEMBL4476718,OB1Oc2ccc3cc(O)ccc3c2C=C1c1ccc(O)c(O)c1,4600.0,intermediate
CHEMBL4444573,OB1Oc2ccc3ccc(O)cc3c2C=C1c1ccc(O)c(O)c1,3400.0,intermediate
CHEMBL4466197,OB1Oc2cc(O)ccc2C=C1c1cc(O)cc(O)c1,21700.0,inactive
CHEMBL4468824,OB1Oc2ccc(O)cc2C=C1c1ccc(O)c(O)c1,17500.0,inactive
CHEMBL4524631,CN(CCCNC(=O)c1cc(O)c(C(=O)NCCCN(C)Cc2ccccc2)cc1O)Cc1ccccc1,3980.0,intermediate
CHEMBL4516540,CCN(CCCNC(=O)c1cc(O)c(C(=O)NCCCN(CC)Cc2ccccc2)cc1O)Cc1ccccc1,4200.0,intermediate
CHEMBL4439936,COc1ccccc1CN(C)CCCNC(=O)c1cc(O)c(C(=O)NCCCN(C)Cc2ccccc2OC)cc1O,3630.0,intermediate
CHEMBL4562198,CCN(CCCNC(=O)c1cc(O)c(C(=O)NCCCN(CC)Cc2ccccc2OC)cc1O)Cc1ccccc1OC,2410.0,intermediate
CHEMBL4440350,CN(CCCCNC(=O)c1cc(O)c(C(=O)NCCCCN(C)Cc2ccccc2)cc1O)Cc1ccccc1,3550.0,intermediate
CHEMBL4527242,CCN(CCCCNC(=O)c1cc(O)c(C(=O)NCCCCN(CC)Cc2ccccc2)cc1O)Cc1ccccc1,3860.0,intermediate
CHEMBL4474151,COc1ccccc1CN(C)CCCCNC(=O)c1cc(O)c(C(=O)NCCCCN(C)Cc2ccccc2OC)cc1O,3450.0,intermediate
CHEMBL4553651,CCN(CCCCNC(=O)c1cc(O)c(C(=O)NCCCCN(CC)Cc2ccccc2OC)cc1O)Cc1ccccc1OC,3050.0,intermediate
CHEMBL4554367,CCN(CCCCNC(=O)c1cc(O)c(C(=O)NCCCCN(CC)Cc2ccccc2N(C)C)cc1O)Cc1ccccc1N(C)C,3710.0,intermediate
CHEMBL4463164,CCN(CCCCNC(=O)c1cc(O)c(C(=O)NCCCCN(CC)Cc2ccc(N(C)C)cc2)cc1O)Cc1ccc(N(C)C)cc1,3160.0,intermediate
CHEMBL4467746,O=C(NCCCCN1CCOc2ccccc2C1)c1cc(O)c(C(=O)NCCCCN2CCOc3ccccc3C2)cc1O,5470.0,intermediate
CHEMBL4552250,CN(CCCCCCNC(=O)c1cc(O)c(C(=O)NCCCCCCN(C)Cc2ccccc2)cc1O)Cc1ccccc1,2370.0,intermediate
CHEMBL4520323,CCN(CCCCCCNC(=O)c1cc(O)c(C(=O)NCCCCCCN(CC)Cc2ccccc2)cc1O)Cc1ccccc1,2800.0,intermediate
CHEMBL4475678,COc1ccccc1CN(C)CCCCCCNC(=O)c1cc(O)c(C(=O)NCCCCCCN(C)Cc2ccccc2OC)cc1O,2310.0,intermediate
CHEMBL4451935,CCN(CCCCCCNC(=O)c1cc(O)c(C(=O)NCCCCCCN(CC)Cc2ccccc2OC)cc1O)Cc1ccccc1OC,3310.0,intermediate
CHEMBL4589690,COc1ccc(-c2cc(=O)c3c(O)c(Oc4ccc(-c5cc(=O)c6c(O)cc(O)cc6o5)cc4)c(O)cc3o2)cc1,50000.0,inactive
CHEMBL3589108,COc1cc2oc(-c3ccc(O)cc3)cc(=O)c2c(O)c1Oc1ccc(-c2cc(=O)c3c(O)cc(O)cc3o2)cc1,50000.0,inactive
CHEMBL291426,O=c1cc(-c2ccc(Oc3c(O)cc4oc(-c5ccc(O)cc5)cc(=O)c4c3O)cc2)oc2cc(O)cc(O)c12,9500.0,intermediate
CHEMBL3589106,COc1ccc(-c2cc(=O)c3c(O)cc(OC)c(-c4c(OC)cc(O)c5c(=O)cc(-c6ccc(OC)cc6)oc45)c3o2)cc1,50000.0,inactive
CHEMBL4513568,COc1ccc(-c2cc(=O)c3c(O)cc(OC)c(-c4c(OC)cc(O)c5c(=O)cc(-c6ccc(O)cc6)oc45)c3o2)cc1,45600.0,inactive
CHEMBL4463033,COc1cc(O)c2c(=O)cc(-c3ccc(O)cc3)oc2c1-c1c(OC)cc(O)c2c(=O)cc(-c3ccc(O)cc3)oc12,17300.0,inactive
CHEMBL4536141,COc1ccc(-c2cc(=O)c3c(O)cc(OC)c(-c4c(OC)cc5oc(-c6ccc(O)cc6)cc(=O)c5c4O)c3o2)cc1,50000.0,inactive
CHEMBL4554693,COc1ccc(-c2cc(=O)c3c(O)cc(O)c(-c4c(OC)cc5oc(-c6ccc(O)cc6)cc(=O)c5c4O)c3o2)cc1,15900.0,inactive
CHEMBL4545404,COc1cc2oc(-c3ccc(O)cc3)cc(=O)c2c(O)c1-c1c(OC)cc(O)c2c(=O)cc(-c3ccc(O)cc3)oc12,32800.0,inactive
CHEMBL4449738,COc1cc2oc(-c3ccc(O)cc3)cc(=O)c2c(O)c1-c1c(O)cc(O)c2c(=O)cc(-c3ccc(O)cc3)oc12,13000.0,inactive
CHEMBL3589107,COc1cc2oc(-c3ccc(O)cc3)cc(=O)c2c(O)c1-c1cc(-c2cc(=O)c3c(O)cc(O)cc3o2)ccc1O,21300.0,inactive
CHEMBL451902,COc1ccc(-c2cc(=O)c3c(O)cc(O)cc3o2)cc1-c1c(O)cc2oc(-c3ccc(O)cc3)cc(=O)c2c1O,50000.0,inactive
CHEMBL378516,COc1ccc(-c2cc(=O)c3c(O)cc(OC)c(-c4cc(-c5cc(=O)c6c(O)cc(OC)cc6o5)ccc4OC)c3o2)cc1,50000.0,inactive
CHEMBL453479,COc1ccc(-c2cc(=O)c3c(O)cc(OC)c(-c4cc(-c5cc(=O)c6c(O)cc(O)cc6o5)ccc4OC)c3o2)cc1,50000.0,inactive
CHEMBL1208904,COc1ccc(-c2cc(=O)c3c(O)cc(OC)c(-c4cc(-c5cc(=O)c6c(O)cc(OC)cc6o5)ccc4O)c3o2)cc1,50000.0,inactive
CHEMBL208908,COc1ccc(-c2cc(=O)c3c(O)cc(O)c(-c4cc(-c5cc(=O)c6c(O)cc(OC)cc6o5)ccc4OC)c3o2)cc1,50000.0,inactive
CHEMBL208578,COc1cc(O)c2c(=O)cc(-c3ccc(OC)c(-c4c(OC)cc(O)c5c(=O)cc(-c6ccc(O)cc6)oc45)c3)oc2c1,50000.0,inactive
CHEMBL374055,COc1ccc(-c2cc(=O)c3c(O)cc(OC)c(-c4cc(-c5cc(=O)c6c(O)cc(O)cc6o5)ccc4O)c3o2)cc1,20100.0,inactive
CHEMBL1208903,COc1ccc(-c2cc(=O)c3c(O)cc(O)c(-c4cc(-c5cc(=O)c6c(O)cc(O)cc6o5)ccc4OC)c3o2)cc1,10100.0,inactive
CHEMBL208988,COc1ccc(-c2cc(=O)c3c(O)cc(O)cc3o2)cc1-c1c(OC)cc(O)c2c(=O)cc(-c3ccc(O)cc3)oc12,50000.0,inactive
CHEMBL377324,COc1cc(O)c2c(=O)cc(-c3ccc(OC)c(-c4c(O)cc(O)c5c(=O)cc(-c6ccc(O)cc6)oc45)c3)oc2c1,13200.0,inactive
CHEMBL220745,COc1ccc(-c2cc(=O)c3c(O)cc(O)c(-c4cc(-c5cc(=O)c6c(O)cc(O)cc6o5)ccc4O)c3o2)cc1,4900.0,intermediate
CHEMBL450522,COc1cc(O)c2c(=O)cc(-c3ccc(O)cc3)oc2c1-c1cc(-c2cc(=O)c3c(O)cc(O)cc3o2)ccc1O,50000.0,inactive
CHEMBL378188,COc1ccc(-c2cc(=O)c3c(O)cc(O)cc3o2)cc1-c1c(O)cc(O)c2c(=O)cc(-c3ccc(O)cc3)oc12,4700.0,intermediate
CHEMBL255493,COc1cc(O)c2c(=O)cc(-c3ccc(O)c(-c4c(O)cc(O)c5c(=O)cc(-c6ccc(O)cc6)oc45)c3)oc2c1,4900.0,intermediate
CHEMBL63354,O=c1cc(-c2ccc(O)c(-c3c(O)cc(O)c4c(=O)cc(-c5ccc(O)cc5)oc34)c2)oc2cc(O)cc(O)c12,4800.0,intermediate
CHEMBL4522982,COc1ccc(-c2cc(=O)c3c(O)c(Oc4ccc(-c5cc(=O)c6c(O)cc(O)cc6o5)cc4)c(OC)cc3o2)cc1,50000.0,inactive
CHEMBL4436866,O=[N+]([O-])c1cccc(C2C=C(c3cccc4ccccc34)Nc3nncn32)c1,17440.0,inactive
CHEMBL4444043,Fc1ccc(C2C=C(c3cccc4ccccc34)Nc3nncn32)cc1,3870.0,intermediate
CHEMBL4444093,O=C(CN1CCN(CC(=O)Nc2n[nH]c3ncccc23)CC1)Nc1n[nH]c2ncccc12,17890.0,inactive
CHEMBL4453548,CCOC(=O)c1cnc2ccccc2c1N1CCN(CC(=O)Nc2n[nH]c3ncccc23)CC1,15720.0,inactive
CHEMBL6246,O=c1oc2c(O)c(O)cc3c(=O)oc4c(O)c(O)cc1c4c23,300000.0,inactive
CHEMBL1091513,O=S(=O)(NC1CCC(c2cc(F)ccc2F)(S(=O)(=O)c2ccc(Cl)cc2)CC1)C(F)(F)F,0.5,active
CHEMBL4558518,CC(C)(C)OC(=O)N1CCCC1CNC1CCC(c2cc(F)ccc2F)(S(=O)(=O)c2ccc(Cl)cc2)CC1,1600.0,intermediate
CHEMBL3609637,COc1cc(-c2cn(C3CCc4c(F)cccc4N(CC(F)(F)F)C3=O)nn2)ccc1-n1cnc(C)c1,31.0,active
CHEMBL4534005,COc1cc(-c2cn(C3CCc4ccccc4N(CC(F)(F)F)C3=O)nn2)ccc1-n1ccc(C)n1,10000.0,inactive
